osm_id,name,amenity,healthcare,healthcare_speciality,operator,operator_type,selected_by_name,is_state,is_adult_primary,comment
299154284,Поликлиника №17,clinic,clinic,,,,True,,,
329007145,,doctors,doctor,,,,False,,,
447642786,Поликлиника №46 филиал №3,clinic,clinic,,,,True,,,
456013659,Детская поликлиника,clinic,clinic,,,,True,,,
468374249,Поликлиника №2,clinic,clinic,,,,True,,,
468374253,Детская поликлиника №2,clinic,clinic,,,,True,,,
470322452,Главный военный клинический госпиталь им. Н.Н. Бурденко,hospital,,,,,False,,,
471487471,Диагностический клинический центр №1,hospital,hospital,,,,False,,,
471487474,Инвитро,doctors,laboratory,biology,,,False,,,
473098651,CMD,doctors,laboratory,,,,False,,,
473730849,Детская городская поликлиника №48 Филиал №3,clinic,clinic,,,,True,,,
474957329,Инвитро,doctors,laboratory,biology,,,False,,,
475368098,Мать и дитя,clinic,clinic,,,,False,,,
479712365,Родильный дом №4,hospital,hospital,,,,False,,,
480803562,Прима Медика,clinic,clinic,,,,False,,,
497031949,,hospital,hospital,,,,False,,,
512008405,Кожно-венерологический клинический диспансер № 29,clinic,clinic,,,,False,,,
516330696,Поликлиническое отделение №1 люберецкой районной больницы №2,clinic,clinic,,,,True,,,
520358982,CMD,doctors,laboratory,,,,False,,,
525540398,Федеральный научно-клинический центр ФМБА России,hospital,,,,,False,,,
529415236,Родильный дом №25,hospital,hospital,,,,False,,,
531497624,Травматологический пункт,doctors,doctor,trauma,,,False,,,
586073493,,doctors,doctor,,,,False,,,
592558612,Родильный дом №3,hospital,hospital,,,,False,,,
595131641,Женская консультация №2,clinic,clinic,,,,False,,,
597357890,Травматологический пункт,doctors,doctor,trauma,,,False,,,
598970213,Поликлиника №6,clinic,clinic,,,,True,,,
598970220,Детская поликлиника №126 (филиал),clinic,clinic,,,,True,,,
600544286,"Медицинский центр ""Аконит""",doctors,doctor,,,,False,,,
601835614,Городская поликлиника №6 филиал №2,clinic,clinic,,,,True,,,
611647025,Детская поликлиника 111,clinic,clinic,,,,True,,,
617151594,МедлайН-Сервис,doctors,doctor,,,,False,,,
619484256,Новый Взгляд,clinic,,,,,False,,,
619711670,Goldenmed,doctors,doctor,,,,False,,,
627468878,Травматологический пункт,doctors,doctor,trauma,Городская поликлиника №129,,False,,,
641303980,Гута Клиник,dentist,centre,,,,False,,,
641353210,Поликлиника МСЧ №33,clinic,clinic,,,,True,,,
650355074,Поликлиника Центросоюза,clinic,clinic,,,,True,,,
653892396,"Медицинский семейный центр ""Пангея""",doctors,doctor,,,,False,,,
678269143,MedSwiss,doctors,doctor,,,,False,,,
679685913,Женская консультация,clinic,clinic,,,,False,,,
690199999,Поликлиника №210,clinic,clinic,,,,True,,,
692759149,Поликлиника Военно-морского Флота №10,clinic,clinic,,,,True,,,
699641038,Поликлиника №219,clinic,clinic,,,,True,,,
703045428,Филиал №2 ГБУЗ Психиатрической Больницы №13 ДЗМ,clinic,clinic,psychiatry,,,False,,,
705349180,Ихтис,doctors,doctor,,,,False,,,
714101323,Детская поликлиника №124,clinic,clinic,,,,True,,,
714113353,Поликлиника №194,clinic,clinic,,,,True,,,
727898981,ПрофМедПомощь,doctors,doctor,,,,False,,,
728081576,Городская поликлиника №107 (филиал №3),clinic,clinic,,,,True,,,
748204658,Медицинский центр Надежда,clinic,clinic,,,,False,,,
755832225,Травматологический пункт при поликлинике №175,doctors,doctor,,,,True,,,
783889815,Больница,hospital,hospital,,,,False,,,
794567784,Детская поликлиника №118,clinic,clinic,,,,True,,,
804713453,Поликлиника,clinic,clinic,,"Городская больница Г. Московский, филиал №3",,True,,,
882804640,Женская консультация (при Химкинской ЦРБ),clinic,clinic,,,,False,,,
905854477,Репромед,doctors,doctor,,,,False,,,
910429060,Инвитро,doctors,laboratory,,,,False,,,
911774858,Будь здоров,clinic,clinic,cardiology;dermatology;general;gynaecology;neurology;ophthalmology;otolaryngology;urology,,,False,,,
911789925,Челюстно-лицевой госпиталь для ветеранов войн,hospital,,,,,False,,,
920080580,Детская поликлиника,clinic,clinic,,,,True,,,
920080581,,hospital,,,,,False,,,
926340325,МедЦентрСервис,doctors,doctor,,,,False,,,
941465552,Эмпатия,doctors,psychotherapist,psychiatry,,,False,,,
942482693,Медицинский центр,doctors,doctor,,,,False,,,
942483703,Медицинский центр Винцера,clinic,clinic,,,,False,,,
943426678,Травматологический пункт,doctors,doctor,trauma,,,False,,,
946096047,Поликлиника №1,clinic,clinic,,Министерство науки и высшего образования Российской Федерации,,True,,,
967680856,БиоМи Вита,clinic,clinic,,,,False,,,
967681426,Центр доктора Бубновского,doctors,clinic,,,,False,,,
969004487,"Городская поликлиника № 39, филиал № 1",,clinic,,,,True,,,
971974516,Иммунотест,clinic,,,,,False,,,
971974520,"Медицинский центр ""Новая жизнь""",doctors,,,,,False,,,
972388708,Говорово Лечебно-Оздоровительный центр,doctors,doctor,,,,False,,,
978446019,Клинический онкологический диспансер №1,clinic,clinic,,,,False,,,
979423711,Клиника Бобыря,doctors,doctor,,,,False,,,
988404225,Мать и дитя,clinic,clinic,,,,False,,,
991966614,Травматологический пункт при поликлиники №69,doctors,doctor,,,,True,,,
997608253,Женская консультация №15,clinic,clinic,,,,False,,,
1015957830,Детская поликлиника №129,clinic,clinic,,,,True,,,
1053707375,Imma Медицинская клиника,clinic,,,,,False,,,
1054603715,"Детская городская поликлиника № 81, филиал № 1",clinic,clinic,paediatrics,,,True,,,
1058534905,Поликлиника 52 филиал 2,clinic,clinic,,,,True,,,
1061979801,ГБУЗ МО Мытищинская городская детская поликлиника № 3,clinic,clinic,clinic,,,True,,,
1069515382,Поликлиника ФТС РФ,clinic,clinic,,,,True,,,
1073204694,Нуклеомед,doctors,doctor,,,,False,,,
1076133689,Травматологический пункт,doctors,doctor,trauma,,,False,,,
1100031539,Центральная поликлиника №5 Министерства обороны РФ,clinic,clinic,,,,True,,,
1105538159,Женская консультация при поликлинике №215,clinic,clinic,,,,True,,,
1108787419,СМ-Клиника,clinic,clinic,,,,False,,,
1115727700,Женская консультация при поликлинике №214,clinic,clinic,,,,True,,,
1156101118,Поликлиника при Финансовом университете,clinic,clinic,,Финансовый университет при правительстве РФ,,True,,,
1161529192,МНПЦ Наркологии,hospital,hospital,,,,False,,,
1162322718,Кожно-венерологический диспансер №20 (отдел медосмотров),clinic,clinic,,,,False,,,
1166650844,Агапе,clinic,clinic,,,,False,,,
1167888385,Натали-мед,doctors,doctor,,,,False,,,
1184328571,Поликлиника.ру,clinic,clinic,,"ООО ""Дирекция""",,True,,,
1185799002,Психиатрическая больница № 14 Филиал № 2,clinic,clinic,psychiatry,,,False,,,
1187075480,Major Clinic,clinic,clinic,,"ООО ""Поликлиника 101""",,False,,,
1192496158,Поликлиника №4 Урологический кабинет,clinic,clinic,,,,True,,,
1193518331,Травматологический пункт при поликлинике №219 филиал №2,doctors,doctor,,,,True,,,
1194048838,Городская поликлиника №67,clinic,clinic,,,,True,,,
1201451926,Лечебно-оздоровительный центр №10,clinic,,,,,False,,,
1201452023,,doctors,,,,,False,,,
1201686460,Детская поликлиника №6 (филиал),clinic,clinic,,,,True,,,
1203028832,,doctors,,,,,False,,,
1205600163,Поликлиника № 22 филиал 4,clinic,clinic,,,,True,,,
1211936186,Травматологический пункт при филиале №2 Диагностического центра №3,,doctor,,,,False,,,
1213703796,Здоровое поколение,clinic,,,,,False,,,
1214447499,Многопрофильный Центр на Миля,doctors,,,,,False,,,
1224461096,Центр планирования семьи и репродукции №3,doctors,,,,,False,,,
1234341770,Гемотест,doctors,laboratory,biology,,,False,,,
1234704210,Поликлиника №115 Филиал №2 Отделение восстановительного лечения,clinic,clinic,,,,True,,,
1239858985,Детская поликлиника №51,clinic,clinic,,,,True,,,
1239858989,Поликлиника №143,clinic,clinic,,,,True,,,
1250611547,Университетская клиническая больница №1,hospital,,,,,False,,,
1265329343,Поликлиника №3 Управления делами Президента РФ,clinic,clinic,,,,True,,,
1271862371,Детская городская поликлиника № 39 Филиал № 2,,clinic,,,,True,,,
1277581109,Поликлиника восстановительного лечения №6,clinic,clinic,,,,True,,,
1280821015,Клинико-диагностический центр №4 филиал №1,clinic,clinic,,,,False,,,
1290221458,Эксимер,clinic,clinic,ophthalmology,ООО «СОВРЕМЕННЫЕ МЕДИЦИНСКИЕ ТЕХНОЛОГИИ»,private,False,,,
1290824091,Детская поликлиника,clinic,clinic,,,,True,,,
1290827997,Поликлиника,clinic,clinic,,,,True,,,
1296939900,Травматологический пункт больницы №13,doctors,doctor,,,,False,,,
1326670312,Детский центр диагностики и лечения им. Н.А. Семашко,clinic,clinic,,,,False,,,
1333938125,Пункт круглосуточной медицинской помощи детям на дому,doctors,,,,,False,,,
1333938143,Детская городская поликлиника №38 филиал №1,clinic,clinic,,,,True,,,
1349115318,МедЦентрСервис,clinic,clinic,,,,False,,,
1351235455,Наркологический диспансер №2,clinic,clinic,,,,False,,,
1355396784,Центр ментального здоровья Альянс,doctors,,,,,False,,,
1355498346,ГеноТехнология,clinic,,,,,False,,,
1355498348,Медолимп,clinic,,,,,False,,,
1359770866,АвроМед,doctors,,,,,False,,,
1413080140,Детская городская поликлиника №104 Филиал №3,clinic,clinic,,Департамент здравоохранения города Москвы,,True,,,
1417817590,Евромедпрестиж,clinic,clinic,,,,False,,,
1420358295,Городская семейная клиника,clinic,clinic,,,,False,,,
1426850157,Lique Deluxe,clinic,clinic,,,,False,,,
1426865615,Женская Консультация,clinic,clinic,,,,False,,,
1437398653,Моситалмед,clinic,,,,,False,,,
1458175012,АвроМед,clinic,clinic,,,,False,,,
1462550580,Женская консультация,clinic,clinic,,,,False,,,
1476553013,Наркологический диспансер №4,clinic,clinic,,,,False,,,
1490403138,Студия Смайл,doctors,,,,,False,,,
1491540776,Гемотест,doctors,laboratory,,,,False,,,
1526337855,Поликлиника Министерства сельского хозяйства России,clinic,clinic,,,,True,,,
1528815077,Филиал №7 МНПЦ борьбы с туберкулезом по ЦАО,clinic,clinic,,,,False,,,
1557868571,Детская городская поликлиника №39 Филиал №1,clinic,clinic,,,,True,,,
1559711836,Женская консультация № 7,clinic,clinic,,,,False,,,
1583223321,Институт аллергологии и клинической иммунологии. Детский медицинский центр.,clinic,clinic,,,,False,,,
1588247187,Лаборатория,doctors,,,,,False,,,
1596071958,Центр молекулярной диагностики,doctors,,,,,False,,,
1601769391,Немчиновская амбулатория,doctors,,,,,False,,,
1628943420,Мать и дитя,clinic,clinic,,,,False,,,
1637759529,Детская поликлиника №3 (филиал),clinic,clinic,,,,True,,,
1639304662,Лаборатория Гемотест,doctors,,,,,False,,,
1639304663,МРТ Эксперт,doctors,doctor,,МРТ-Эксперт,,False,,,
1643578913,Травматологический пункт,doctors,doctor,trauma,,,False,,,
1647764028,Гемотест,doctors,laboratory,,,,False,,,
1647764032,Микс,clinic,clinic,,,,False,,,
1659461114,"ООО ""СитиМед""",doctors,doctor,,,,False,,,
1681569255,Отделение медицинской реабилитации для лиц с наркологическими расстройствами,doctors,doctor,,Наркологический диспансер № 1,,False,,,
1684606593,Справки.ру,doctors,,,Справки.ру,,False,,,
1685948135,Палиха,clinic,clinic,diagnostic_radiology;gynaecology;neurology;orthopaedics;physiatry;podiatry;trauma,,,False,,,
1690110055,Центр клинической психиатрии,clinic,clinic,,,,False,,,
1691946071,Городская поликлиника №61,clinic,clinic,,,,True,,,
1704212149,ГБУЗ МНПЦДК ДЗМ филиал Останкинский,clinic,,,,,False,,,
1714568739,Красногорская больница. Детская поликлиника № 2,clinic,clinic,,,,True,,,
1719172846,Детская поликлиника №36 СЗАО,clinic,clinic,,,,True,,,
1722219945,Городская поликлиника 129 филиал 2,,clinic,,,,True,,,
1724507479,Helix,doctors,laboratory,,,,False,,,
1730400766,ВиТерра,clinic,clinic,,,,False,,,
1730893495,Мамина клиника,clinic,clinic,gynaecology,,,False,,,
1730914426,Реал Хэлс,doctors,doctor,,,,False,,,
1736642515,Травматологический пункт при детской поликлинике №86,doctors,doctor,,,,True,,,
1745422062,ДЭЗ-сервис,clinic,clinic,gynaecology;urology;dermatovenereology;stomatology;diagnostic_radiology,,,False,,,
1761334177,Травматологический пункт,doctors,doctor,trauma,,,False,,,
1762652079,Моя семья,doctors,,,,,False,,,
1771155509,Детская городская поликлиника №61 филиал №2,clinic,clinic,,,,True,,,
1773145323,"Медицинский центр ""Лига+""",clinic,clinic,,,,False,,,
1777917755,Центральный Институт Дерматокосметологии,clinic,clinic,dermatology;urology;gynaecology;plastic_surgery,Центральный Институт Дерматокосметологии,,False,,,
1782917195,Детская поликлиника,clinic,clinic,,,,True,,,
1782919333,Голден Медикал Клаб,clinic,clinic,,,,False,,,
1825156061,Женская консультация,clinic,clinic,,,,False,,,
1841074435,Детская поликлиника №13 (филиал),clinic,clinic,,,,True,,,
1846835884,ЕваЛайн,doctors,,,,,False,,,
1879692984,Инвитро,doctors,laboratory,biology,,,False,,,
1879955533,Целлюлайт,doctors,doctor,,,,False,,,
1881221031,Мать и Дитя,clinic,,,,,False,,,
1883905739,Честная клиника,doctors,,,,,False,,,
1885278833,Ситимед,doctors,,,,,False,,,
1885892897,CMD,doctors,laboratory,,ООО «Рикавери-Мед»,,False,,,
1902193570,Инвитро,doctors,laboratory,biology,,,False,,,
1904426292,Эдем клиник,clinic,clinic,,,,False,,,
1909945466,,doctors,doctor,,,,False,,,
1912745740,Инвитро,doctors,laboratory,biology,,,False,,,
1937155592,Детская поликлиника №48,clinic,clinic,,,,True,,,
1938024432,Психоневрологический диспансер № 17,clinic,clinic,neuropsychiatry,,,False,,,
1942684892,Profi Clinic,clinic,,,,,False,,,
1997933529,Мать и дитя,clinic,clinic,,"Клиника ""Мать и дитя""",,False,,,
2016410958,"Городская поликлиника №120, отделение неотложной медецинской помощи",clinic,clinic,,,,True,,,
2045991208,Филиал №9 ГК УЗ «МНПЦ наркологии ДЗМ»,doctors,doctor,,,,False,,,
2047007900,Семейное Здоровье,doctors,,,,,False,,,
2052022355,Поликлиника №3 ЦКБ РАН,clinic,clinic,,,,True,,,
2052899626,"Филиал № 5 Московского научно-практического центра медицинской реабилитации, восстановительной и спортивной медицины",clinic,,,,,False,,,
2059540465,Медсанчасть №53,clinic,clinic,,,,False,,,
2066561186,Будь здоров,clinic,clinic,cardiology;clinic;dentist;dermatology;general;gynaecology;ophthalmology;otolaryngology;paediatrics;urology,,,False,,,
2105339607,Медцентр Столица,clinic,,,,,False,,,
2108839033,Гемотест,doctors,laboratory,,,,False,,,
2128666743,Edismedco,clinic,clinic,,,,False,,,
2141326971,Поликлиника №7 Федеральной службы безопасности,clinic,clinic,,,,True,,,
2150209385,Клиника лечения позвоночника,clinic,clinic,,,,False,,,
2166046703,Он клиник,clinic,clinic,,,,False,,,
2180354702,Гемотест,doctors,laboratory,,,,False,,,
2180400132,Отделение спортивной медицины,clinic,clinic,,,,False,,,
2196651549,ABC-медицина,clinic,clinic,,,,False,,,
2239423132,Фастест,doctors,laboratory,,,,False,,,
2261312798,"Поликлиника №62, филиал №4",clinic,clinic,,,,True,,,
2266417415,МедикСити,clinic,clinic,multi,"ООО ""МедикСити""",,False,,,
2268592225,Поликлиника,clinic,clinic,,,,True,,,
2273979441,Амбулатория поселка Развилка,clinic,,,,,False,,,
2277758387,Зенит-Медсервис,clinic,clinic,,,,False,,,
2290871492,Инвитро,doctors,laboratory,biology,,,False,,,
2290871493,Инвитро,doctors,laboratory,biology,,,False,,,
2291827158,Здоровье,clinic,clinic,gynaecology;urology;dermatology;diagnostic_radiology;gastroenterology;allergology;otolaryngology;cardiology;neurology,,,False,,,
2291827160,Артротон,doctors,doctor,orthopaedics,,,False,,,
2298658136,Детская городская поликлиника №19,clinic,clinic,,,,True,,,
2309662134,Поликлиника «Здоровье»,clinic,clinic,,,,True,,,
2328657609,Клиника лазерных технологий доктора колокольцева Г.А.,clinic,clinic,,,,False,,,
2336843885,Медицинский центр,doctors,doctor,,,,False,,,
2339399050,Evolutis clinic,clinic,,,"ООО ""Лечебно-диагностический центр ""Кутузовский""",,False,,,
2349203843,Поликлиника ФНПР,clinic,clinic,,,,True,,,
2355651762,Наркологический диспансер,clinic,,,,,False,,,
2362725146,KDL,doctors,laboratory,,,,False,,,
2402430184,Доктор Анна,clinic,,,,,False,,,
2403667499,Наша клиника,clinic,,,,,False,,,
2403667500,Центр восстановления зрения,clinic,,,,,False,,,
2420538570,Медицинский центр Гриценко,clinic,clinic,,,,False,,,
2420839920,Лаборатория CMD (анализы),doctors,doctor,,,,False,,,
2432212420,Док.Клиник,doctors,doctor,,,,False,,,
2444085419,Столица,clinic,centre,,,,False,,,
2447120123,Новоклиник,doctors,,,,,False,,,
2447225673,Инвитро,doctors,laboratory,biology,,,False,,,
2460808064,Врачебно-физкультурный диспансер № 1,clinic,clinic,,,,False,,,
2477010092,ЭФиС,clinic,clinic,,,,False,,,
2477904381,Гемотест,doctors,laboratory,,,,False,,,
2481112871,Медицинская Лига XXI Век,clinic,,,,,False,,,
2500098846,Гемотест,doctors,laboratory,,,,False,,,
2509793557,Женская консультация №6,clinic,clinic,,,,False,,,
2511951121,Клиника на Потаповскомъ,clinic,clinic,,,,False,,,
2515358208,"Лаборатория ""Гемотест""",clinic,clinic,,,,False,,,
2523748418,Клиника здорового зрения,clinic,clinic,,,,False,,,
2524045369,Альба,clinic,clinic,,,,False,,,
2524045384,СМ-Клиника,clinic,clinic,,,,False,,,
2525487842,MedSwiss,doctors,doctor,,,,False,,,
2535732158,Гемотест,doctors,laboratory,,,,False,,,
2540434806,Эдем,clinic,clinic,,,,False,,,
2541998321,Можайка 10,clinic,,,,,False,,,
2541998348,ГБУЗ МНПЦДК ДЗМ филиал Кутузовский,clinic,clinic,,,,False,,,
2552815747,Травматологический пункт при поликлиническом отделении Люберецкой районной больницы №2,doctors,doctor,,,,True,,,
2552815748,Люберецкий психоневрологический диспансер,doctors,doctor,,,,False,,,
2552815749,Люберецкий противотуберкулезный диспансер,doctors,doctor,,,,False,,,
2563033597,Противотуберкулезный диспансер № 5,clinic,clinic,,,,False,,,
2563038479,Наркологический диспансер,clinic,,,,,False,,,
2576858203,Травматологический пункт,doctors,doctor,trauma,,,False,,,
2577474921,Психоневрологический диспансер № 14,doctors,,,,,False,,,
2579217849,Центр эндоваскулярного лечения ИБС,hospital,,,,,False,,,
2583605052,Уромед,doctors,doctor,,,,False,,,
2590234488,Доктор 2000,clinic,clinic,,,,False,,,
2610231926,"Детский центр ""Моя клиника""",clinic,clinic,,,,False,,,
2612333900,Интелмед,clinic,clinic,,,,False,,,
2615576339,Леоклиник,clinic,clinic,,,,False,,,
2616090395,Клиника 3000,doctors,,,,,False,,,
2616090396,Мед'Ок,doctors,,,,,False,,,
2617398250,MedSwiss,clinic,clinic,,,,False,,,
2641981275,Психоневрологический диспансер №2,clinic,clinic,,,,False,,,
2645918907,Поликлиника №2 ЦКБ РАН,clinic,clinic,,,,True,,,
2656266681,МНПЦ наркологии. Отделение медико- социальной помощи детям и подросткам,doctors,doctor,,,,False,,,
2665453160,,clinic,,,,,False,,,
2669978770,Врачебно-физкультурный диспансер №19,clinic,clinic,,,,False,,,
2670948842,Столичная медицинская клиника,clinic,clinic,,Столичная Медицинская Клиника,,False,,,
2674738424,Инвитро,doctors,laboratory,biology,,,False,,,
2674756369,Инвитро,doctors,laboratory,biology,,,False,,,
2694554527,"Поликлиническое отделение ФГБУ ""МНИОИ им. П. А. Герцена"" Минздрава России",clinic,clinic,,,,True,,,
2701436366,СитиМед,clinic,clinic,,,,False,,,
2712770298,МРТ-диагностика,clinic,clinic,,,,False,,,
2722758267,Инвитро,doctors,laboratory,biology,,,False,,,
2751375729,Медицина,clinic,clinic,,"ОАО ""Медицина""",,False,,,
2803681803,Чудо Доктор,clinic,clinic,,,,False,,,
2803682525,Чудо Доктор,clinic,clinic,,,,False,,,
2810086115,Травматологический пункт,doctors,doctor,,,,False,,,
2810086116,ФилиМед,clinic,clinic,,,,False,,,
2810094246,Травматологический пункт,doctors,doctor,trauma,,,False,,,
2815257264,Травматологический пункт,doctors,doctor,trauma,,,False,,,
2818634402,СМ-Доктор,clinic,,,,,False,,,
2829965168,МединаМед,clinic,,,,,False,,,
2874702301,Медицинский центр на Ботанической,clinic,,,"ООО ""Медицинский Центр на Ботанической""",,False,,,
2883228602,Центральная медико-санитарная часть № 119,clinic,clinic,,,,False,,,
2886472531,KDL,doctors,laboratory,,КДЛ ДОМОДЕДОВО-ТЕСТ,,False,,,
2889115102,Клиника семейной медицины,clinic,clinic,,,,False,,,
2897223999,Медцентр,clinic,,,,,False,,,
2898733685,Инвитро,doctors,laboratory,biology,,,False,,,
2898958783,Медсемья,doctors,,,,,False,,,
2899070086,СМ-Клиника (отд. МРТ и КТ),clinic,,,,,False,,,
2902773741,Инсан-мед,clinic,clinic,,,,False,,,
2907080850,Медси,clinic,clinic,,,,False,,,
2907080851,Семейный Доктор,clinic,clinic,,,,False,,,
2914435911,Детское поликлиническое отделение люберецкой районной больницы №2,clinic,clinic,,,,True,,,
2928253708,,doctors,doctor,,,,False,,,
2929596000,CMD,doctors,laboratory,,,,False,,,
2934001383,KDL,doctors,doctor,,,,False,,,
2957000166,Доктор Пластик,clinic,clinic,,,,False,,,
2961371603,Ваш Доктор,clinic,clinic,,"ООО ""Ваш Доктор""",,False,,,
2969142330,Инвитро,doctors,laboratory,,,,False,,,
2997707224,Наркологическая клиническая больница №17,hospital,,,,,False,,,
3003746359,Медцентр,doctors,,,,,False,,,
3006979103,Инвитро,doctors,laboratory,biology,,,False,,,
3010140325,Медси,clinic,,,,,False,,,
3029709243,,clinic,,,,,False,,,
3040648634,GrossKlinik,doctors,doctor,,,,False,,,
3045541903,Арбат эстетик,clinic,clinic,,,,False,,,
3045638222,Городская поликлиника №68,clinic,clinic,,,,True,,,
3045638223,Институт красоты на Арбате,clinic,clinic,,,,False,,,
3050203384,Калибр,doctors,doctor,,,,False,,,
3052577094,Abc-медицина,clinic,clinic,,,,False,,,
3057269229,Raylife,clinic,clinic,,,,False,,,
3058557678,Знакомый доктор,clinic,clinic,urology;neurology;cardiology;clinic,,,False,,,
3059231791,Инвитро,doctors,laboratory,biology,,,False,,,
3059465500,Медицинский центр La Vita,doctors,,,,,False,,,
3060653522,Инвитро,doctors,laboratory,,"ООО ""ВеоаМед""",,False,,,
3060653523,Инвитро,doctors,laboratory,,,,False,,,
3062500117,Нева,clinic,,,,,False,,,
3065936711,"Клиника уха, горла и носа",doctors,doctor,,,,False,,,
3068662958,ВТМ,clinic,clinic,,,,False,,,
3089028566,Семейная,doctors,,,,,False,,,
3098194097,Мед Эксперт,doctors,doctor,,,,False,,,
3114564366,Центр иммунологии и репродукции,clinic,clinic,,,,False,,,
3126566794,Многопрофильный медцентр,clinic,,,,,False,,,
3130902597,Клиника профессора Горбакова,clinic,clinic,,,,False,,,
3138870543,Детская клиника «СМ-Доктор»,clinic,clinic,,,,False,,,
3142067099,Хеликс,doctors,laboratory,,,,False,,,
3151384171,Гемотест,doctors,laboratory,,,,False,,,
3199600503,Инвитро,doctors,laboratory,biology,,,False,,,
3215034352,Сосудистая клиника,clinic,clinic,,,,False,,,
3221807005,"Медицинский центр ""Лера""",clinic,clinic,,,,False,,,
3224714883,Гемотест,doctors,laboratory,,,,False,,,
3227678278,Городской Фонд ДНК-исследований,clinic,,,,,False,,,
3228436041,Водительская медкомиссия,doctors,doctor,,,,False,,,
3231022583,СитиМед,clinic,laboratory,,,,False,,,
3234279362,,clinic,clinic,,,,False,,,
3234279364,,clinic,clinic,,,,False,,,
3259668492,Инвитро,doctors,laboratory,biology,,,False,,,
3259668493,МедиАрт Клиник,clinic,,,Медиарт клиник,,False,,,
3300550538,Консультативно-поликлиническое отделение для детей до 3-х лет,hospital,hospital,,Городская клиническая больница № 24,,True,,,
3318204621,Арт-ЭКО,doctors,,,,,False,,,
3326240863,Медисан,clinic,clinic,,,,False,,,
3339234799,Детский центр диагностики и лечения им. Н. А. Семашко,clinic,,,,,False,,,
3339866784,Поликлиника №12 Отделение №1,clinic,clinic,,,,True,,,
3340136679,ЛОГ-Здоровье,doctors,doctor,,,,False,,,
3342087607,Revival,clinic,,,,,False,,,
3344197254,ТН-Клиника,clinic,clinic,,,,False,,,
3349823970,Гемотест,doctors,laboratory,,,,False,,,
3349823971,Детская клиника МЕДСИ,clinic,clinic,paediatrics,,,False,,,
3376752012,МРТ-Центр,clinic,clinic,,,,False,,,
3377608794,Клиника здоровой спины,clinic,,,"ООО ""Медицинский центр ""Медикал СОЛО""",,False,,,
3377628799,Центр доктора Бубновского,doctors,doctor,,,,False,,,
3389056986,Инвитро,doctors,laboratory,,,,False,,,
3399283144,Гемотест,doctors,laboratory,,,,False,,,
3399587842,"Центр медицины и косметологиии ""Здоровье""",doctors,doctor,,,,False,,,
3411234795,Бронхолегочный детский санаторий №29,clinic,,,,,False,,,
3412920079,Gynecolase,doctors,doctor,,,,False,,,
3421841459,Европейский Центр ортопедии и терапии боли,clinic,clinic,orthopaedics;neurology;rheumatology,,,False,,,
3427397726,Геномед,,doctor,,,,False,,,
3446946315,Клиника нейроэндокринологии,doctors,doctor,,,,False,,,
3466483915,Он Клиник,clinic,clinic,,,,False,,,
3471572685,Медико-диагностический центр «Мед-Альфа плюс»,clinic,clinic,,,,False,,,
3476625570,"Медико-социальный центр ""Мега Профи""",clinic,clinic,,,,False,,,
3476976191,Интегритас,clinic,clinic,,,,False,,,
3477350089,Кредэ Эксперто,clinic,clinic,general;ophthalmology;dentist;psychiatry;otolaryngology;urology;dermatology,ООО «Клиника современный медицинских технологий»,private,False,,,
3482571254,"Медико-эстетический центр ""Руж""",clinic,clinic,,,,False,,,
3491630332,,doctors,,,,,False,,,
3507368737,Инвитро,doctors,laboratory,,,,False,,,
3508596211,Гемотест,doctors,laboratory,,,,False,,,
3521471100,Инвитро,doctors,laboratory,,,,False,,,
3553958594,Травматологический пункт,doctors,doctor,trauma,,,False,,,
3558438506,Медси,clinic,clinic,,,,False,,,
3569394894,Медик,clinic,clinic,,,,False,,,
3571982293,Нейролэнд,doctors,doctor,,,,False,,,
3578242223,Здоровье человека,clinic,clinic,,,,False,,,
3607396261,Медицинский центр,doctors,,,,,False,,,
3620469969,Центр рентгенодиагностики Пикассо,clinic,clinic,,,,False,,,
3626335594,Клиника современных технологий,clinic,clinic,,,,False,,,
3630556093,Grand Clinic,clinic,,,,,False,,,
3630765393,Help,clinic,clinic,,,,False,,,
3630827495,L'Art de la Vie,clinic,clinic,,,,False,,,
3634312477,Европейская клиника,clinic,clinic,,,,False,,,
3635889261,"Косметология ""Мелис""",doctors,,,,,False,,,
3635889266,Лечу.ru,clinic,,,,,False,,,
3637774793,Медицинский центр доктора Гуделя,clinic,clinic,,,,False,,,
3638722823,Sculptura,clinic,clinic,,,,False,,,
3639019874,Клиника Доктора Куренкова,clinic,clinic,,,,False,,,
3644652305,Real Clinic,clinic,clinic,,,,False,,,
3646753206,Психоневрологический диспансер №23,clinic,clinic,,,,False,,,
3649156244,"Центр репродукции ""Линия жизни""",doctors,,,,,False,,,
3650028325,МедЦентрСервис,clinic,,,,,False,,,
3654565426,Клиника на Ленинском 123,clinic,clinic,,,,False,,,
3655649794,Дипломат Клиник,clinic,,,,,False,,,
3659572013,Косметик сервис,clinic,clinic,,,,False,,,
3660269132,Сосудистый Медцентр,clinic,,,,,False,,,
3661703168,Клиника Семейная,clinic,clinic,dermatology;gynaecology;neurology;ophthalmology;orthopaedics;otolaryngology;paediatrics;surgery;urology,ССМЦ,private,False,,,
3676150360,Инвитро,doctors,laboratory,,,,False,,,
3682445346,Поликлиника №2 имени Семашко,clinic,clinic,,,,True,,,
3685291425,Биорезоника,clinic,clinic,,,,False,,,
3695208969,Инвитро,doctors,laboratory,,,,False,,,
3695208970,Лечу.ру,clinic,,,,,False,,,
3696693372,ГорБольница 2,hospital,hospital,,,,False,,,
3696693373,Станция переливания крови,clinic,clinic,,,,False,,,
3702568305,Гемотест,doctors,laboratory,,,,False,,,
3710512525,ОкоМед,doctors,doctor,ophthalmology,,,False,,,
3715219323,Helix,doctors,doctor,,,,False,,,
3722547768,Beauty Med Club,doctors,doctor,,,,False,,,
3723970378,MD-клиник,clinic,clinic,,,,False,,,
3724878350,Центр медицины «Розин»,doctors,doctor,,,,False,,,
3725310811,Приор,clinic,clinic,,,,False,,,
3727804925,Бикод,clinic,clinic,,,,False,,,
3742540579,Ochkov.net,doctors,doctor,,,,False,,,
3742832791,S-Med,clinic,clinic,,,,False,,,
3744261925,Литех,clinic,clinic,,,,False,,,
3745335431,Диамед,doctors,doctor,,,,False,,,
3753532525,Medok,clinic,clinic,,,,False,,,
3760276412,Дарыгер,clinic,clinic,,,,False,,,
3763091391,Гемотест,doctors,laboratory,,,,False,,,
3771592594,Гемотест,doctors,laboratory,,,,False,,,
3771592597,Нейропсихолог,clinic,clinic,,,,False,,,
3771729357,GEMC,clinic,,,,,False,,,
3774811244,Он Клиник,clinic,clinic,,,,False,,,
3775416757,Лаборатория,doctors,doctor,,,,False,,,
3784818438,ЗдравКлиник,clinic,clinic,,,,False,,,
3787636599,Поликлиника.ру,clinic,clinic,,,,True,,,
3787636600,Поликлиника.ру,clinic,clinic,cardiology;dermatology;general;gynaecology;ophthalmology;otolaryngology;radiology;urology,,,True,,,
3790152255,Гемотест,doctors,laboratory,,,,False,,,
3790159677,Инвитро,doctors,laboratory,,,,False,,,
3790542488,АвторМЕД,clinic,clinic,,,,False,,,
3796946329,Гемотест,doctors,laboratory,,,,False,,,
3799154920,В Тропарево,clinic,clinic,,,,False,,,
3803257886,Brava,clinic,clinic,,,,False,,,
3805688242,Стелла,doctors,,,,,False,,,
3805699225,Kas-мед,doctors,doctor,,,,False,,,
3806834357,Российский научный центр медицинской реабилитации и курортологии,clinic,,,,,False,,,
3815444445,CMD,doctors,laboratory,,,,False,,,
3822850565,Поликлиника №139 филиал Женская консультация,clinic,clinic,,,,True,,,
3830489776,Инвитро,doctors,laboratory,,,,False,,,
3830516336,"Центр натуральной терапии ""МеЦеНаТ",clinic,clinic,,,,False,,,
3834390974,Чайка,clinic,clinic,,,,False,,,
3835344827,Моя семья,doctors,doctor,,,,False,,,
3865035118,Истмед,clinic,clinic,,,,False,,,
3868109819,CMD,doctors,laboratory,,,,False,,,
3868109822,ЛабМГМУ,clinic,,,,,False,,,
3869442052,Инвитро,doctors,laboratory,,,,False,,,
3870470961,Инвитро,doctors,laboratory,,,,False,,,
3870790674,LabQuest,doctors,laboratory,,,,False,,,
3876413473,Коопвнешторг,clinic,clinic,,,,False,,,
3880376939,Клинико-диагностическая лаборатория,doctors,,,ООО «Инвестмедком»,,False,,,
3893376957,Городской медицинский центр,clinic,clinic,,"ООО ""Городской медицинский центр""",,False,,,
3896889833,Поликлиника №11 филиал №2,clinic,clinic,,,,True,,,
3900611846,Центр Планирования семьи и Репродукции № 2,clinic,,,,,False,,,
3914989168,СМ-Клиника,clinic,hospital,,,,False,,,
3916712693,Международный центр охраны зрения,clinic,clinic,,,,False,,,
3922299721,Доктор Боголюбов,doctors,,,,,False,,,
3934020323,Медлайн-Сервис,clinic,doctor,,,,False,,,
3946730138,,doctors,doctor,,,,False,,,
3954271136,Медвитро,doctors,doctor,,,,False,,,
3954271137,Медок,clinic,,,,,False,,,
3958034548,Медико-С,clinic,,,,,False,,,
3968607919,Westmed,clinic,clinic,,,,False,,,
3968607921,Ланцетъ-Центр,clinic,,,,,False,,,
3968607924,Центральный институт дерматокосметологии,clinic,clinic,,,,False,,,
3968941758,Беркана,doctors,,,,,False,,,
3971736413,Центр психотерапии профессора Малыгина,doctors,doctor,,,,False,,,
3998104039,Gen87,clinic,clinic,dermatology;plastic_surgery,"ООО ""Клиника Ген 87""",private,False,,,
4019686284,Медсервис,clinic,clinic,,,,False,,,
4019793528,МедЦентрСервис,clinic,,,,,False,,,
4020047308,Онкологический диспансер №3,clinic,clinic,,,,False,,,
4026996155,Детская поликлиника №132,clinic,clinic,,,,True,,,
4026996156,Травматологический пункт,doctors,doctor,trauma,,,False,,,
4029853917,Медисанс,clinic,,,Медисанс,,False,,,
4029963741,Инвитро,doctors,laboratory,,,,False,,,
4032078358,Травматологический пункт,doctors,doctor,trauma,,,False,,,
4034238450,"Детский медицинский центр ""Здоровье человека""",clinic,clinic,,,,False,,,
4035443686,Медси,clinic,clinic,,,,False,,,
4044783047,Ясный взор,clinic,clinic,,,,False,,,
4071243842,,doctors,doctor,,,,False,,,
4071243843,Гемотест,doctors,laboratory,,,,False,,,
4071907391,CMD,doctors,laboratory,,,,False,,,
4071928089,Детская поликлиника НПО Энергомаш,clinic,clinic,,,,True,,,
4072445253,Центр МРТ,clinic,clinic,,,,False,,,
4073059387,Отделение №1 Химкинской детской городской поликлиники,clinic,clinic,,,,True,,,
4073059388,Отделение №2 Химкинской детской городской поликлиники,clinic,clinic,,,,True,,,
4073312456,"Медицинский центр ""Никсор Клиник""",doctors,,,,,False,,,
4074606997,Евромедсервис,clinic,clinic,general;ophthalmology;paediatrics;psychiatry;dermatology;urology;cardiology;neurology;clinical_pathology;anaesthetics;gastroenterology,,,False,,,
4074941189,Евромед,clinic,clinic,,,,False,,,
4075555990,Клиника глазных болезней,clinic,clinic,,,,False,,,
4076662915,Revitonica,clinic,clinic,,,,False,,,
4078023621,Арт-Мед,clinic,clinic,,,,False,,,
4081008238,Клиника лечения головной боли и вегетативных расстройств им. академика Александра Вейна,clinic,clinic,,,,False,,,
4083645223,Алмаз,doctors,doctor,,,,False,,,
4083974190,Арсмед,clinic,clinic,,,,False,,,
4085186493,Гемотест,doctors,laboratory,,,,False,,,
4086101489,Консультативный центр,clinic,,,,,False,,,
4086257280,Леге Артис,clinic,,,,,False,,,
4086470289,Рана,clinic,clinic,,,,False,,,
4087954090,Miz Clinic,clinic,clinic,,,,False,,,
4088700489,Центр ЭКО,clinic,clinic,,,,False,,,
4088893294,,clinic,clinic,,,,False,,,
4095057893,Инвитро,doctors,laboratory,,,,False,,,
4100600292,Медси,clinic,clinic,,,,False,,,
4107836809,МЕДСИ,clinic,clinic,,,,False,,,
4111201794,Инвитро,doctors,laboratory,,,,False,,,
4113601291,Инвитро,doctors,laboratory,,,,False,,,
4113775909,Doctorlor.ru,doctors,doctor,,,,False,,,
4114513295,Клиника Семейная,clinic,clinic,cardiology;dermatology;gynaecology;ophthalmology;orthopaedics;otolaryngology;paediatrics;surgery;urology,ССМЦ,private,False,,,
4114977913,Бест Клиник,clinic,,,,,False,,,
4118650970,Гемотест,doctors,laboratory,,,,False,,,
4121440214,MedAssist,clinic,,,,,False,,,
4123541889,Детская городская клиническая больница №13 имени Н.Ф. Филатова,hospital,hospital,,,,False,,,
4132764409,Гемотест,doctors,laboratory,,,,False,,,
4133208491,Инвитро,doctors,laboratory,,,,False,,,
4133510153,Поликлиника.ру,clinic,clinic,,,,True,,,
4135664332,Чайка,clinic,clinic,,,,False,,,
4137141991,Гемотест,doctors,laboratory,,,,False,,,
4137141993,Клиника МК,clinic,clinic,,,,False,,,
4139540602,Гемотест,doctors,laboratory,,,,False,,,
4153840320,Неболит (детское отделение),clinic,clinic,,,,False,,,
4162647063,Медклиника,clinic,,,,,False,,,
4162653189,Медси,clinic,clinic,,,,False,,,
4163659682,,doctors,doctor,,,,False,,,
4165804993,Женская консультация № 3,clinic,clinic,,Городская клиническая больница им. В.В. Вересаева,,False,,,
4166480813,Доктор Баир,clinic,clinic,,,,False,,,
4169201139,Гемотест,doctors,laboratory,biology,,,False,,,
4169318389,Поликлиника.ру,clinic,clinic,,,,True,,,
4170992929,Инвитро,doctors,laboratory,biology,,,False,,,
4176841520,"Наркологический диспансер №8, филиал №2",clinic,clinic,,,,False,,,
4181307696,Научно-исследовательский клинический институт оториноларингологии имени Л. И. Свержевского,hospital,hospital,,,,False,,,
4185108799,Клиника спортивной медицины,clinic,,,,,False,,,
4197329178,Инвитро,doctors,laboratory,,,,False,,,
4200824408,Ready medical,clinic,clinic,,,,False,,,
4202038725,МРТ24,doctors,doctor,,,,False,,,
4202656892,Инвитро,doctors,laboratory,,,,False,,,
4202829389,МегаКлиник.ру,clinic,,,,,False,,,
4202834093,Семейная клиника Медис,clinic,,,,,False,,,
4204997889,Реформа,clinic,clinic,,,,False,,,
4207792420,Детская поликлиника 2,clinic,clinic,,,,True,,,
4207940412,Доктор рядом,clinic,,,,,False,,,
4209325400,Поликлиник.ру,clinic,clinic,,,,True,,,
4209673989,Медалюкс,clinic,,,,,False,,,
4217422510,МедиАрт,clinic,clinic,,,,False,,,
4217647915,Инвитро,doctors,laboratory,,,,False,,,
4217647918,Лечу,clinic,,,,,False,,,
4224267590,Центр крови имени О. К. Гаврилова,doctors,blood_donation,,,,False,,,
4228720083,Женская консультация №2,clinic,clinic,,,,False,,,
4233854888,Диамед,clinic,,,,,False,,,
4235444262,Знакомый доктор,doctors,,gynaecology;urology;cardiology;general,,,False,,,
4235449709,Орис,doctors,doctor,,,,False,,,
4235597394,Сесиль,clinic,clinic,,,,False,,,
4237306391,Медси,clinic,clinic,,,,False,,,
4243895442,CMD,doctors,laboratory,,,,False,,,
4243895444,Инвитро,doctors,laboratory,,,,False,,,
4244813457,Центр семейной медицины и гомеопатии доктора Герасенко,clinic,clinic,,,,False,,,
4245252389,Мытищинская городская поликлиника №2,clinic,clinic,,,,True,,,
4248796492,Медицинский центр «Возрождение»,clinic,clinic,,,,False,,,
4250850830,,clinic,,,,,False,,,
4254619092,ЛДЦ колопроктологии,doctors,doctor,,,,False,,,
4256742141,Инвитро,doctors,laboratory,,,,False,,,
4263058790,К31,clinic,,,,,False,,,
4265870890,Семейная,clinic,department,cardiology;neurology;orthopaedics;osteopathy;plastic_surgery,ССМЦ,private,False,,,
4271181204,Инвитро,doctors,laboratory,,,,False,,,
4274051391,Детская поликлиника № 2,clinic,clinic,,,,True,,,
4280524650,MedSwiss,clinic,clinic,,,,False,,,
4280524654,Детский травматологический пункт,doctors,doctor,trauma,,,False,,,
4282710691,Медцель,clinic,clinic,gynaecology,,,False,,,
4284058089,Химкинский наркологический диспансер,clinic,clinic,,,,False,,,
4286156189,Медлайн-Сервис,clinic,,,,,False,,,
4287108513,Лаборатория Ан-Тек,clinic,,,ООО «Интер-Сервис»,,False,,,
4287170391,Клиника Семейная,clinic,clinic,cardiology;dermatology;gynaecology;neurology;ophthalmology;orthopaedics;otolaryngology;paediatrics;urology,ССМЦ,private,False,,,
4287184490,Доктор Зон,clinic,,,,,False,,,
4287538391,Женская консультация. Филиал поликлиники N8,clinic,clinic,,,,True,,,
4289630991,Гемотест,doctors,laboratory,,"ООО ""ВитаТест""",,False,,,
4290208784,Фертимед,clinic,clinic,,,,False,,,
4297003764,"9 лечебно-диагностический центр МО РФ, детское отделение",clinic,,,,,False,,,
4297134993,Лечебный центр,clinic,clinic,,,,False,,,
4299108913,CMD,doctors,laboratory,,,,False,,,
4302146726,Институт аллергологии и клинической иммунологии,clinic,,,,,False,,,
4303002974,Вита Импульс,doctors,doctor,,,,False,,,
4308529231,"Детский Медицинский Центр ""Тигренок""",,centre,,,,False,,,
4310772989,К+31 Петровские Ворота,clinic,clinic,,,,False,,,
4312653593,Инвитро,doctors,laboratory,,,,False,,,
4317987489,Хромолаб,doctors,,,,,False,,,
4320640026,Детский медицинский центр Sanare,clinic,clinic,,,,False,,,
4325469506,Гемотест,doctors,laboratory,,,,False,,,
4333559489,Открытая клиника,clinic,clinic,,,,False,,,
4340336005,Клиника Аллы Хазовой,clinic,clinic,,,,False,,,
4340466663,Мытищинская городская поликлиника № 2,clinic,clinic,,,,True,,,
4342165389,Медалюкс,clinic,clinic,,,,False,,,
4342336189,Neuroclinic,clinic,,,,,False,,,
4343199446,Доктор Рядом,clinic,clinic,,,,False,,,
4352179893,Гемотест,doctors,laboratory,,,,False,,,
4352757294,Клинический госпиталь на Яузе,hospital,hospital,,,,False,,,
4353774379,Клиника постстрессовых состояний,clinic,clinic,,,,False,,,
4354203193,Юнимед,clinic,,,,,False,,,
4357346402,Виталис,clinic,clinic,,,,False,,,
4361928590,Инвитро,doctors,laboratory,,,,False,,,
4368027702,Наркологический диспансер 8,clinic,clinic,,,,False,,,
4369841698,Дарлинг,clinic,clinic,,,,False,,,
4375181094,"Лечебно-восстановительный комплекс МЦ ЗАО ""Коопвнешторг""",clinic,clinic,,,,False,,,
4375195489,Клиника здоровья,clinic,clinic,,"ООО ""Вест-тех""",,False,,,
4375444393,Имма в Марьино,clinic,clinic,,,,False,,,
4381977790,Городская поликлиника №23 филиал 2,clinic,clinic,,,,True,,,
4385785605,Триактив,clinic,clinic,,,,False,,,
4386309395,Доктор Визус,clinic,clinic,,,,False,,,
4405096389,"Клиника эстетической медицины ""Revital""",clinic,,,,,False,,,
4407053091,Семейный Доктор,clinic,clinic,,,,False,,,
4412973789,Эрисман,clinic,clinic,,,,False,,,
4413683358,Поликлиника Научно-клинического центра оториноларингологии,clinic,clinic,,,,True,,,
4423519099,Инвитро,doctors,laboratory,,,,False,,,
4423570893,ГБУЗ Научно-практический центр интервенционной кардиоангиологии,clinic,,,,,False,,,
4431613617,Медцентрсервис,clinic,clinic,,,,False,,,
4445260289,Поликлиника,clinic,clinic,,,,True,,,
4447537397,Медицинский центр,clinic,clinic,,,,False,,,
4455268833,Ниармедик,clinic,clinic,,,,False,,,
4460678594,Ребёнок и Семья,clinic,clinic,paediatrics,,,False,,,
4464751991,KDL,doctors,laboratory,,КДЛ ДОМОДЕДОВО-ТЕСТ,,False,,,
4464892191,Медок,doctors,doctor,,,,False,,,
4467334689,Медосмотры.Ру,clinic,clinic,,,,False,,,
4469807796,Женская консультация,clinic,clinic,,,,False,,,
4474852230,МедЦентрСервис,clinic,,,,,False,,,
4476025248,Детская городская поликлиника №32,clinic,clinic,,,,True,,,
4484453207,Клиника лазерной медицины,clinic,clinic,,,,False,,,
4488574852,Наркологический диспансер № 8,clinic,clinic,,,,False,,,
4501484089,Клиника женского здоровья,clinic,clinic,,,,False,,,
4502368094,Специальный,clinic,,,,,False,,,
4502867699,Ясный взор,clinic,doctor,,,,False,,,
4502867762,Инпромед,clinic,clinic,,,,False,,,
4503184093,МедЭлит,,clinic,,,,False,,,
4503266557,Like Clinic,clinic,clinic,,,,False,,,
4503846478,Клиника Современной Медицины,clinic,clinic,,Клиника Современной Медицины,,False,,,
4504579658,Евролазер,doctors,,,,,False,,,
4504736891,Литех,clinic,clinic,,ООО МедМастер,,False,,,
4506608094,Мирал Мед,clinic,,,,,False,,,
4506635535,Лечу,clinic,clinic,,,,False,,,
4513990747,Путилковская амбулатория,doctors,doctor,,,,False,,,
4514947391,Союз,clinic,clinic,,,,False,,,
4525340663,Лечебно-диагностический центр томографии им. Н.И. Пирогова,clinic;doctors,clinic,,,,False,,,
4528819190,Сурдологический центр,clinic,clinic,,,,False,,,
4530355920,Медикал Групп,doctors,doctor,,ООО Медикал Групп,,False,,,
4531770295,Альфа медицина,doctors,,,,,False,,,
4541535539,Инвитро,doctors,laboratory,,,,False,,,
4546689890,Родильный дом,hospital,hospital,,,,False,,,
4547855970,CMD,doctors,laboratory,,,,False,,,
4549854108,Клиника ВРТ «Дети из пробирки»,clinic,clinic,,,,False,,,
4549854110,Первая хирургия,hospital,hospital,,,,False,,,
4549854111,Эммаклиник,clinic,clinic,,ООО Клиника ВРТ ДИП,,False,,,
4550979291,Городская поликлиника №68 филиал №3,clinic,clinic,,,,True,,,
4553937983,Инвитро,doctors,laboratory,,,,False,,,
4564624089,Osteo Poly Clinic,clinic,clinic,,,,False,,,
4566906200,Международный институт психосоматического здоровья,clinic,clinic,,,,False,,,
4570385635,Evolution,clinic,clinic,,,,False,,,
4572831045,Психоневрологический диспансер №10,clinic,clinic,,,,False,,,
4580860446,Genetico,clinic,clinic,,,,False,,,
4581025092,Неболит (взрослое отделение),clinic,clinic,,,,False,,,
4581055024,Seline,clinic,clinic,,,,False,,,
4602589717,Детская,clinic,clinic,,,,False,,,
4603223691,БестКлиник,clinic,,,,,False,,,
4603996931,Инвитро,doctors,laboratory,,,,False,,,
4612691298,Диавакс,clinic,,,,,False,,,
4614335596,Поликлиника,clinic,clinic,,,,True,,,
4618423117,Скай Эстет,clinic,clinic,,,,False,,,
4618650310,МобилМед,clinic,clinic,,,,False,,,
4625654261,Офтальмологический центр Коновалова,clinic,clinic,,,,False,,,
4625879083,Abc-медицина,clinic,clinic,,,,False,,,
4627962022,Центр амбулаторной диагностики,,centre,,,,False,,,
4634630925,Инвитро,doctors,laboratory,,,,False,,,
4643042845,72 центральная поликлиника МЧС России,clinic,clinic,,,,True,,,
4644080476,Клиника здоровья,clinic,,,,,False,,,
4646515591,"Городская поликлиника № 62, филиал № 4",clinic,clinic,,Департамент здравоохранения города Москвы,,True,,,
4648874849,Диамедика,clinic,clinic,,,,False,,,
4675485907,Denira,clinic,clinic,,,,False,,,
4681491789,Детская поликлиника,clinic,clinic,,,,True,,,
4684141134,МедЭлит,clinic,clinic,,,,False,,,
4697499102,Российский научный центр хирургии им. академика Б. В. Петровского,hospital,,,,,False,,,
4712403989,Мануальный терапевт Жаров Валентин Александрович,doctors,doctor,,,,False,,,
4712754713,Медикафарм,clinic,,,,,False,,,
4712792697,Травматологический пункт,doctors,doctor,trauma,,,False,,,
4712798015,Травматологический пункт,doctors,doctor,trauma,,,False,,,
4715224591,Бонамедика,clinic,clinic,,,,False,,,
4715801030,Поликлиника №215,clinic,clinic,,,,True,,,
4715801031,Городская поликлиника № 214,clinic,clinic,,,,True,,,
4715801045,Травматологический пункт,doctors,doctor,trauma,,,False,,,
4715801046,Поликлиника управления делами Президента Российской Федерации,clinic,clinic,,,,True,,,
4715801049,Поликлиника,clinic,clinic,,,,True,,,
4720464381,Династия,clinic,clinic,,,,False,,,
4727974398,Мака мед,doctors,doctor,,,,False,,,
4728593597,МРТ,doctors,,,,,False,,,
4729018558,,doctors,doctor,,,,False,,,
4732111067,СМ-Клиника,clinic,clinic,,,,False,,,
4732111068,СМ-Клиника,clinic,clinic,,,,False,,,
4732340325,Семейный доктор,clinic,clinic,,,,False,,,
4734776199,Лаборатория,doctors,doctor,,,,False,,,
4736658567,Дельта Клиник,clinic,clinic,,,,False,,,
4736659779,Клиника андрологии,clinic,clinic,,,,False,,,
4736659923,Центр биотической медицины,clinic,clinic,,,,False,,,
4737508423,Медскан.рф,clinic,clinic,,,,False,,,
4739903523,Алкомед,doctors,doctor,,,,False,,,
4743127327,Гемотест,doctors,laboratory,,,,False,,,
4753819410,Первый доктор,doctors,doctor,,,,False,,,
4758365190,Медико-санитарная часть ГосМКБ «Вымпел»,clinic,clinic,,,,False,,,
4760281215,,doctors,,,,,False,,,
4760281217,Отделение поликлиники №4,clinic,,,,,True,,,
4763134488,Центр дерматологии Петровка 15,clinic,clinic,dermatology,,,False,,,
4763136152,ПреМед,clinic,clinic,,,,False,,,
4763136648,Med&Care,clinic,clinic,,,,False,,,
4763136669,Центральная поликлиника №1 ГУ МВД РФ,clinic,clinic,,,,True,,,
4767285249,Медгород,doctors,doctor,,,,False,,,
4771653499,Лаборатория,doctors,doctor,,,,False,,,
4772484724,Mental Health Center,clinic,clinic,,,,False,,,
4775128631,Инвитро,doctors,laboratory,,,,False,,,
4775273245,Видеоэкология,doctors,doctor,,,,False,,,
4775273266,Галактика,clinic,clinic,,,,False,,,
4775746623,CMD,doctors,laboratory,,,,False,,,
4784637257,,doctors,,,,,False,,,
4786520874,Водительская медкомиссия,doctors,doctor,,,,False,,,
4787669221,Зилмед,clinic,,,,,False,,,
4789880630,Поликлиника № 142,clinic,clinic,,,,True,,,
4790436826,Спина здорова,clinic,clinic,,,,False,,,
4795711421,Инвитро,doctors,laboratory,,,,False,,,
4799394640,Центр эстетической медицины Маргариты Королевой,clinic,clinic,,,,False,,,
4802013972,Лечу,clinic,clinic,,,,False,,,
4802013973,Инвитро,doctors,laboratory,,,,False,,,
4802013995,Grand Clinic,clinic,clinic,,,,False,,,
4804341872,Семейный доктор,clinic,clinic,,,,False,,,
4805691434,,clinic,clinic,,,,False,,,
4808703974,CMD,doctors,laboratory,biology,,,False,,,
4811425724,Детский медицинский центр,clinic,clinic,,,,False,,,
4813948554,Литех,doctors,doctor,,,,False,,,
4825057524,Геоком,clinic,clinic,,,,False,,,
4837009259,Клиника на Петровке,clinic,clinic,,,,False,,,
4848053521,Меддобро,clinic,clinic,,,,False,,,
4849063523,Уста Дент,clinic,,,"ООО ""Гиппократ""",,False,,,
4849868783,Поликлиника № 5,clinic,clinic,,,,True,,,
4851799422,Ниармедик,clinic,,,,,False,,,
4860198823,Международный центр охраны здоровья,clinic,,,,,False,,,
4860768970,Оригитея,clinic,clinic,,,,False,,,
4870731713,Инвитро,doctors,laboratory,,,,False,,,
4871338023,Рэмси диагностика,doctors,doctor,,,,False,,,
4873044365,ЕС-клиника,clinic,clinic,,,,False,,,
4882958021,ДиаМед,clinic,clinic,,,,False,,,
4889179433,Московский центр дерматологии и косметологии. Отдел оказания специализированной медицинской помощи,clinic,,,,,False,,,
4894727221,Доктор рядом,clinic,clinic,,,,False,,,
4902504196,Линлайн,doctors,,,Клиника «Линлайн»,,False,,,
4913375041,ИнтеграМедсервис,clinic,clinic,,,,False,,,
4916747762,Центр современной восстановительной медицины,clinic,clinic,,,,False,,,
4924728929,Клиника биоакустической коррекции,clinic,clinic,,,,False,,,
4928242815,Поликлиника,doctors,,,,,True,,,
4930782191,Genotek,doctors,doctor,,,,False,,,
4941129145,МедЦентрСервис,clinic,,,,,False,,,
4956947449,ЛОР-клиника,clinic,,,,,False,,,
4966990293,МедЦентрСервис,doctors,doctor,,,,False,,,
4970791748,Клиника профессора Горбакова,clinic,clinic,,,,False,,,
4971883629,Медок,clinic,,,,,False,,,
4978072147,Ясный взор,clinic,doctor,ophthalmology,,,False,,,
4979388876,,doctors,doctor,,,,False,,,
4980460515,Сеть клиник мужского и женского здоровья,clinic,,,МедЦентрСервис,,False,,,
4986971192,Plasmolifting Praxis,clinic,clinic,,,,False,,,
4995727872,MedSwiss,clinic,clinic,,,,False,,,
5011422244,KDL,doctors,laboratory,,КДЛ ДОМОДЕДОВО-ТЕСТ,,False,,,
5025099956,Медицинский центр,doctors,,,,,False,,,
5029124842,Детская городская поликлиника № 38. Филиал № 3 п/о Якиманка,clinic,clinic,,,,True,,,
5029124843,Городская поликлиника № 68,clinic,clinic,,,,True,,,
5030002884,LazerJazz,clinic,clinic,,,,False,,,
5031068714,Мон Блан,doctors,,plastic_surgery,,,False,,,
5032392522,МедлайН-Сервис,clinic,clinic,,ООО «Сон-Мед»,,False,,,
5039398144,Elasto Beauty,clinic,,,,,False,,,
5055723244,Преображение,clinic,,,,,False,,,
5069506995,CMD,doctors,laboratory,cardiology;ultrasound,,,False,,,
5071321853,Медси,clinic,clinic,,,,False,,,
5071321858,Клиническая больница Медси,hospital,hospital,,,,False,,,
5072956160,Синай,clinic,,,,,False,,,
5076033607,KDL,doctors,doctor,,,,False,,,
5079461895,ГБУЗ МНПЦДК ДЗМ ЦОСМП,clinic,,,,,False,,,
5092714230,"""Ультразвуковое исследование плода"" Мазырко М.",doctors,,,,,False,,,
5094722194,Женская консультация,clinic,clinic,,,,False,,,
5101080631,Пикассо,doctors,laboratory,,,,False,,,
5101393658,Городская поликлиника №191,clinic,clinic,,,,True,,,
5101773955,Детская поликлиника №64,clinic,clinic,,,,True,,,
5101773974,Поликлиника №168,clinic,clinic,,,,True,,,
5102068141,Гемотест,doctors,laboratory,,,,False,,,
5102068142,ДаcКлиник,doctors,,,,,False,,,
5102100212,Helix,doctors,,,,,False,,,
5102949047,Литех,doctors,,,,,False,,,
5108910280,Ниармедик,clinic,,,,,False,,,
5110753224,Преодоление-Л,doctors,,,,,False,,,
5115013969,Мед Асс,doctors,,,,,False,,,
5115013970,Литех лаборатория,doctors,,,,,False,,,
5115096297,Соляная пещера,doctors,doctor,,,,False,,,
5115965330,Медицинский центр,doctors,,,,,False,,,
5116500826,Гемотест,doctors,laboratory,,,,False,,,
5133090527,Гемотест,doctors,laboratory,,,,False,,,
5134008029,"Центральная поликлиника №1 Главного управления МВД РФ, противотуберкулезное отделение",clinic,clinic,,,,True,,,
5134008231,Санта-Мария,clinic,clinic,,,,False,,,
5134008285,Meira,clinic,clinic,,,,False,,,
5134374878,ДеВита,clinic,clinic,,,,False,,,
5137094714,,doctors,doctor,,"ООО ""ПрофМедСервис""",,False,,,
5137257132,Семейный Доктор,clinic,clinic,,,,False,,,
5141350124,АртроМедЦентр,clinic,clinic,,,,False,,,
5143992834,Многопрофильная клиника ЛазерсМедика,clinic,,,,,False,,,
5148105350,Прогресс-Мед,clinic,clinic,,,,False,,,
5149643977,Dr. Kramar,clinic,clinic,,,,False,,,
5152807321,Психоневрологический диспансер № 5,clinic,clinic,psychiatry,,,False,,,
5154962446,Жизненная сила,clinic,clinic,,,,False,,,
5158462525,Гемотест,doctors,laboratory,,,,False,,,
5163381622,CMD,doctors,laboratory,,,,False,,,
5164091521,Медицинский центр ФГБУ «МФК Минфина России»,clinic,clinic,,,,False,,,
5164476826,Клиника профессора Карташёвой,clinic,clinic,,,,False,,,
5174104922,Гомо-89,doctors,,,,,False,,,
5175993726,Chromolab,doctors,doctor,,,,False,,,
5180544881,Отделение неотложной медицинской помощи взрослому населению,doctors,doctor,general,,,False,,,
5184189622,Гемотест,doctors,laboratory,,,,False,,,
5190654525,Котельниковская городская поликлиника,clinic,clinic,,,,True,,,
5198279490,Клиника доктора Панаева,,doctor,plastic_surgery,,,False,,,
5199068200,Медицинский центр Управления делами Мэра и Правительства Москвы,clinic,clinic,,,,False,,,
5199068220,Medped,doctors,doctor,,,,False,,,
5199068557,Клятва Гиппократа,clinic,clinic,,,,False,,,
5209218851,Ист клиник,doctors,doctor,,,,False,,,
5214435821,Медиарт,doctors,,,,,False,,,
5216424025,Семейный Доктор,clinic,clinic,,,,False,,,
5218469170,Центральная клиника,clinic,clinic,,Центральная клиника,,False,,,
5218469203,Частная практика,clinic,clinic,,,,False,,,
5218841574,Мединтерком,clinic,clinic,,,,False,,,
5219218625,Миромед,clinic,clinic,,,,False,,,
5220093381,Инвитро,doctors,laboratory,,,,False,,,
5221942791,Президентмед,clinic,clinic,,,,False,,,
5222850942,Центр семейной офтальмологии,clinic,clinic,,,,False,,,
5223487441,CMD,doctors,laboratory,microbiology,,,False,,,
5223559331,Международная клиника гемостаза,clinic,clinic,,,,False,,,
5224960914,Медпункт,doctors,doctor,,,,False,,,
5225932674,Гемотест,doctors,laboratory,,,,False,,,
5240008866,Инвитро,doctors,laboratory,,,,False,,,
5240816117,ЛабКвест,doctors,doctor,,,,False,,,
5241292521,Московский городской научно-производственный центр по борьбе с туберкулезом. Филиал #2,clinic,,,,,False,,,
5244040524,,doctors,,,,,False,,,
5251050299,Эфис,doctors,doctor,,,,False,,,
5253040338,РС-клиника,clinic,clinic,,,,False,,,
5259497328,Центр подологии и остеопатии Татьяны Красюк,doctors,doctor,osteopathy,"ООО ""Подолог""",,False,,,
5263596191,Женская консультация № 5,doctors,doctor,,,,False,,,
5267536876,Московский научно-практический центр медицинской реабилитации восстановительной и спортивной медицины им. С.И. Спасокукоцкого. Филиал №10,clinic,clinic,physiatry,Департамент здравоохранения города Москвы,public,False,,,
5274128667,Наркологический диспансер №13,doctors,doctor,,,,False,,,
5280918129,Доктор Линз,clinic,clinic,,,,False,,,
5282108855,ЧинФан,clinic,clinic,,,,False,,,
5287530626,Патеро клиник,clinic,,,,,False,,,
5294751844,Сосудистая клиника на Патриарших,clinic,clinic,,,,False,,,
5300565522,Семейный медицинский центр,clinic,clinic,,,,False,,,
5301815571,Поликлиника № 3,clinic,clinic,,,,True,,,
5302423374,Сила здоровья,clinic,clinic,,,,False,,,
5302586302,Поликлиника № 115. Филиал № 4,clinic,clinic,,,,True,,,
5305982321,Медицинская комиссия,clinic,clinic,,,,False,,,
5316751080,Клиника красоты «Американская дерматология»,doctors,doctor,dermatology,"ООО ""Американская дерматология""",,False,,,
5323460324,Медицинский центр им. Святослава Федорова,clinic,clinic,,,,False,,,
5332141883,медскан.рф,clinic,,,,,False,,,
5341152552,Семейный доктор,clinic,clinic,,,,False,,,
5341564461,"Соляная пещера ""Ассоль""",doctors,,,,,False,,,
5342746893,Гемотест,doctors,laboratory,,,,False,,,
5343774488,СМ-Клиника,clinic,clinic,,,,False,,,
5350809901,Амория,doctors,doctor,plastic_surgery,"ООО «Международная школа пластической и реконструктивной хирургии, эстетической и хирургической косметологии «Амориа»",,False,,,
5350811322,"ГБУЗ г. Москвы ""Детская городская поликлиника № 48"" филиал № 3 ДЗМ (подразделение № 1)",clinic,clinic,,,,True,,,
5352919347,Амория,doctors,doctor,,"ООО «Международная школа пластической и реконструктивной хирургии, эстетической и хирургической косметологии «Амориа»",,False,,,
5354248845,CMD,doctors,laboratory,,,,False,,,
5355322921,CMD,doctors,laboratory,,,,False,,,
5355574616,Клиника профессиональной медицины,clinic,clinic,,,,False,,,
5361385423,ФГБУ ГНЦ Институт иммунологии,hospital,,,,,False,,,
5363703851,Наркологический диспансер № 3,clinic,rehabilitation,,"ГБУЗ ""МНПЦ наркологии ДЗМ""",,False,,,
5363885512,Доктор Линз,clinic,clinic,,,,False,,,
5368712140,Ридере,clinic,clinic,,,,False,,,
5371369781,Качество жизни,clinic,clinic,,,,False,,,
5375826521,"Медицинский центр ""Мобил-Мед""",clinic,clinic,,,,False,,,
5376529121,"Центр психологии и культуры ""Парабола""",clinic,clinic,,,,False,,,
5388179123,С-Профи,clinic,clinic,,,,False,,,
5398915513,Центр медицины плода,clinic,clinic,,,,False,,,
5418444394,Total Charm,clinic,clinic,,,,False,,,
5420205598,Чайка,clinic,clinic,,,,False,,,
5421238420,Семейный доктор,clinic,clinic,,ООО «МК «Семейный доктор»,,False,,,
5421239422,Инвитро,doctors,laboratory,,,,False,,,
5424787522,Клиника современной трихологии,clinic,clinic,,ООО Клиника современной трихологии,,False,,,
5431849159,Медси,clinic,clinic,,,,False,,,
5440540124,Гемотест,doctors,laboratory,,,,False,,,
5442723493,Эпилайк,clinic,clinic,,,,False,,,
5442723494,Heartman,clinic,clinic,,,,False,,,
5442723495,Premium Aesthetics,clinic,clinic,,,,False,,,
5443942625,Научно-исследовательская лечебная клиника хиропрактики и остеопатии,clinic,clinic,,,,False,,,
5443942673,Frau Klinik,clinic,clinic,,,,False,,,
5445167107,Инвитро,doctors,laboratory,,,,False,,,
5457805764,МобилМед,doctors,doctor,,,,False,,,
5463090647,Нова Клиник,clinic,clinic,,,,False,,,
5464496188,Инвитро,doctors,laboratory,,,,False,,,
5465727823,KDL,doctors,doctor,biology,,,False,,,
5471205922,Гемотест,doctors,laboratory,,,,False,,,
5472940756,Инвитро,doctors,laboratory,,,,False,,,
5476209411,Инвитро,doctors,laboratory,,,,False,,,
5481326821,Вектор,clinic,clinic,,,,False,,,
5482137921,Медстайл Эффект,clinic,clinic,,,,False,,,
5491271722,Биопрестиж Медицина,clinic,clinic,,,,False,,,
5495552187,Хеликс на Молодежной,doctors,doctor,gynaecology;urology;cardiology;internal;radiology;general;clinic,Хеликс,,False,,,
5497389921,Ниармедик,clinic,clinic,,,,False,,,
5502200879,Next Generation Clinic,clinic,clinic,,,,False,,,
5509521898,Градиент,clinic,clinic,,,,False,,,
5512265794,СМ-Клиника,clinic,clinic,,,,False,,,
5519277857,CMD,doctors,laboratory,,,,False,,,
5524539975,Клиника,doctors,doctor,,,,False,,,
5526361822,Гарант,doctors,doctor,,,,False,,,
5532718691,Инвитро,doctors,laboratory,,,,False,,,
5534066031,,doctors,doctor,,,,False,,,
5537590122,Медстар,doctors,doctor,,,,False,,,
5540936676,А-Линия,,doctor,,,,False,,,
5541156267,Эпицентр,clinic,clinic,,,,False,,,
5551488943,ЭпиЛайк,clinic,,,,,False,,,
5552766536,См-Косметология,doctors,doctor,,,,False,,,
5557758984,Клиника доктора Исаева,clinic,clinic,,,,False,,,
5563598120,Гемотест,doctors,laboratory,,,,False,,,
5576654601,Гемотест,doctors,laboratory,,,,False,,,
5584155241,Балчуг Клиник,clinic,clinic,gynaecology;ivf;эко,,,False,,,
5584675987,Гемотест,doctors,laboratory,,,,False,,,
5585047967,Медицинский центр в Коломенском,,centre,,,,False,,,
5626778929,Логопедический кабинет,doctors,doctor,,,,False,,,
5630658615,Клиника на Маяковке,clinic,clinic,,,,False,,,
5640025475,Поликлиника №7,clinic,clinic,,,,True,,,
5641754632,Врачебно-физкультурный диспансер,clinic,clinic,,"Московский научно-практический центр медицинской реабилитации, восстановительной и спортивной медицины ДЗМ",,False,,,
5651759691,Клиника Актуальной Медицины,clinic,clinic,,,,False,,,
5663028990,,clinic,clinic,,,,False,,,
5679489158,Инвитро,doctors,laboratory,,,,False,,,
5696122022,,doctors,doctor,,,,False,,,
5713547821,Доктор рядом,clinic,clinic,,,,False,,,
5725554322,Клиника коррекции обменных нарушений - Diet test,clinic,clinic,,"ООО ""Институт Экологической Реабилитации""",,False,,,
5734156500,Рассвет,clinic,clinic,,,,False,,,
5756068401,ЦИР,doctors,doctor,,,,False,,,
5765863700,Элмед,clinic,clinic,,,,False,,,
5765863711,Luxury Med,clinic,clinic,,,,False,,,
5772737493,Биосфера,clinic,clinic,osteopathy,,,False,,,
5793734575,Шоола Медикал,clinic,clinic,gynaecology;surgery;dentist,,,False,,,
5815535448,Будь здоров,doctors,doctor,,,,False,,,
5818128580,Поликлиника 12,clinic,clinic,,,,True,,,
5820168457,Медси,clinic,clinic,,,,False,,,
5821410816,Гемотест,doctors,laboratory,,,,False,,,
5821410817,Beau Rivage,clinic,clinic,,,,False,,,
5838092885,Авиценна,clinic,clinic,,,,False,,,
5840243415,Центр доктора Бубновского,doctors,doctor,,,,False,,,
5845980747,"Медико-восстановительный центр ""Бодрость""",doctors,doctor,,,,False,,,
5876438788,NovaScreen,doctors,laboratory,,,,False,,,
5884468496,"Скорая медицинская помощь, подстанция 20",doctors,,,,,False,,,
5890206485,Dr.Vita,clinic,clinic,,,,False,,,
5899946163,Инвитро,doctors,laboratory,,,,False,,,
5901927511,Гемотест,doctors,laboratory,,,,False,,,
5904932530,Секрет Красоты,doctors,doctor,,,,False,,,
5908136485,Инвитро,doctors,laboratory,,,,False,,,
5910396401,Центр эстетической медицины Доктора Пак,clinic,clinic,,,,False,,,
5911757245,Детская поликлиника № 127,clinic,clinic,paediatrics,,,True,,,
5913227412,Инвитро,doctors,laboratory,,,,False,,,
5928676136,Инвитро,doctors,laboratory,,,,False,,,
5937018703,Медико-санитарная часть №95,clinic,clinic,,,,False,,,
5943413732,Mini Med,doctors,,,,,False,,,
5943451521,Соляная пещера,doctors,,,,,False,,,
5943451527,Детская поликлиника,clinic,clinic,,,,True,,,
5944866489,МедЦентрСервис,clinic,clinic,,,,False,,,
5944866581,Dr. Эстетик,clinic,clinic,,"ООО ""КМС-Эстетик""",,False,,,
5944867494,The Platinental,clinic,clinic,,,,False,,,
5944867538,Real Trans Hair,clinic,clinic,,,,False,,,
5944867823,Soins de Beaute,clinic,clinic,,,,False,,,
5948690347,Пикассо,doctors,laboratory,,,,False,,,
5951450656,Инвитро,doctors,laboratory,,,,False,,,
5951450672,"Консультативно-диагностическое отделение ""ул. Гарибальди""",clinic,,,"ЗАО ""МЦК""",,False,,,
5962271375,Многопрофильный клинико-диагностический центр Научного центра неврлогии,clinic,clinic,,,,False,,,
5964558412,Медгород,clinic,clinic,,"ООО ""Профессорская клиника ""Хорошая практика""",,False,,,
5967509251,dsclinic,clinic,clinic,,,,False,,,
5975052642,CMD,doctors,laboratory,,,,False,,,
5982632025,Amadeo,clinic,clinic,,,,False,,,
5993958286,Ideal,clinic,clinic,,,,False,,,
5995746585,KDL,doctors,laboratory,,КДЛ ДОМОДЕДОВО-ТЕСТ,,False,,,
6000010539,Инвитро,doctors,laboratory,,,,False,,,
6012388922,Центральная поликлиника № 3 МВД России,clinic,clinic,,,,True,,,
6012703588,Центр клинической постурологии профессора Бугровецкой,clinic,clinic,neurology;stomatology;diagnostic_radiology;traditional_chinese_medicine,,,False,,,
6015816789,Доктор Лазер,clinic,clinic,,,,False,,,
6017137986,Центр МРТ,doctors,doctor,,,,False,,,
6023226100,IHC,clinic,clinic,,,,False,,,
6023226102,Тао,clinic,clinic,,,,False,,,
6027280652,Плазморан,clinic,clinic,,,,False,,,
6042607366,Семейный Доктор,clinic,clinic,,,,False,,,
6047018386,Linline,doctors,doctor,,,,False,,,
6047094186,Медцентр УМАЙ клиник,doctors,doctor,,,,False,,,
6049688814,Cleo Line,doctors,,,,,False,,,
6049689786,Женская амбулатория,doctors,,,,,False,,,
6054430782,Гемотест,doctors,laboratory,,,,False,,,
6063286251,Центр доктора Бубновского,doctors,clinic,osteopathy,,,False,,,
6063303383,Центр доктора Бубновского,doctors,clinic,osteopathy,,,False,,,
6080330363,Гемотест,doctors,laboratory,,,,False,,,
6081776148,Остеон,clinic,clinic,,,,False,,,
6085432641,Гиацинт Н,clinic,clinic,,,,False,,,
6110887286,,doctors,doctor,,,,False,,,
6123946477,Remedy Lab,clinic,clinic,,,,False,,,
6140344473,МедСити,clinic,clinic,,,,False,,,
6143223739,ЭндоМедЛаб,clinic,clinic,,,,False,,,
6156276038,Гемотест,doctors,laboratory,,,,False,,,
6158435861,Центральный прививочный пункт,doctors,doctor,,,,False,,,
6174886081,Клиника Марии Ширшаковой,clinic,clinic,,,,False,,,
6180938352,Виталис,clinic,clinic,,,,False,,,
6183536885,Моситалмед,clinic,clinic,,,,False,,,
6193233300,Тринити,clinic,clinic,,,,False,,,
6211539702,Инвитро,doctors,laboratory,,,,False,,,
6222635080,МРТ-Центр,doctors,doctor,,,,False,,,
6225717512,Клиника на Чистых прудах,clinic,clinic,,,,False,,,
6225900482,Совершенство,clinic,clinic,,,,False,,,
6226950096,Институт психического здоровья,clinic,,,,,False,,,
6243611785,Практическая неврология,doctors,,,,,False,,,
6253618332,Золотое сечение,doctors,doctor,,,,False,,,
6257568613,Инвитро,doctors,laboratory,,,,False,,,
6261971608,Поликлиника в Старопанском переулке Детского медицинского центра Управления делами Президента РФ,clinic,clinic,,,,True,,,
6267762637,CMD,doctors,laboratory,,,,False,,,
6276151624,Expert Clinics,clinic,clinic,,,,False,,,
6277032985,ЭндоМедЛаб,doctors,,,,,False,,,
6279032588,Новоклиник,doctors,doctor,,,,False,,,
6279037689,Инвитро,doctors,laboratory,,,,False,,,
6282545182,Инвитро,doctors,laboratory,,,,False,,,
6286409985,Дневной наркологический стационар Наркологического диспансера № 8,hospital,hospital,,,,False,,,
6286549285,Инвитро,doctors,laboratory,,,,False,,,
6292689169,Моя Эстетика Dr.Gont,doctors,doctor,,,,False,,,
6317934906,Клиника Семейная,clinic,clinic,cardiology;dermatology;gynaecology;ophthalmology;orthopaedics;otolaryngology;paediatrics;surgery;urology,ССМЦ,private,False,,,
6318015017,Клиника Семейная,clinic,clinic,cardiology;dermatology;gynaecology;ophthalmology;orthopaedics;otolaryngology;paediatrics;surgery;urology,ССМЦ,private,False,,,
6318047771,Клиника Семейная,clinic,clinic,cardiology;dermatology;gynaecology;ophthalmology;orthopaedics;otolaryngology;paediatrics;surgery;urology,ССМЦ,private,False,,,
6321205085,Эл Эн,clinic,clinic,,,,False,,,
6328318385,,clinic,clinic,,,,False,,,
6331919074,Поликлиника № 5 ФГБУЗ КБ № 85 ФМБА России,clinic,clinic,,,,True,,,
6343772758,Гемотест,doctors,laboratory,,,,False,,,
6343772771,М-медик,doctors,doctor,,,,False,,,
6345629185,Центр Бубновского,clinic,clinic,,,,False,,,
6345935497,МеседКлиника,clinic,clinic,,,,False,,,
6348033482,Brusov Clinic,clinic,clinic,,,,False,,,
6360019486,Амжад Аль-Юсеф,doctors,,,,,False,,,
6364160332,CMD,doctors,laboratory,,,,False,,,
6372330062,Городская поликлиника № 68,clinic,clinic,,,,True,,,
6375839574,Поликлиника.ру,clinic,clinic,,,,True,,,
6375839800,Гемотест,doctors,laboratory,,,,False,,,
6376808554,Beauty Plaza,clinic,clinic,,,,False,,,
6378471047,Атрея Аюрведа,clinic,clinic,,,,False,,,
6384348159,Supernova,clinic,clinic,,,,False,,,
6390838641,Клиника доктора Золотавина,clinic,clinic,,,,False,,,
6390838657,Московский городской психоэндокринологический центр,clinic,clinic,,,,False,,,
6394855340,Premier Med,doctors,doctor,,,,False,,,
6402527310,Гармония,clinic,clinic,,,,False,,,
6411757385,КМ-клиник,clinic,clinic,,,,False,,,
6417348787,Психиатрическое отделение неотложной помощи,clinic,clinic,psychiatry,"ГБУЗ ""ПКБ №1 ДЗМ""",,False,,,
6429198417,Твой доктор,clinic,clinic,,,,False,,,
6432286186,Гемотест,doctors,laboratory,,,,False,,,
6432471615,Гемотест,doctors,laboratory,,,,False,,,
6432473590,Инвитро,doctors,laboratory,,,,False,,,
6434181985,Рутта,doctors,doctor,,,,False,,,
6437076219,Экспертная косметология,clinic,clinic,,,,False,,,
6450775473,Время красоты,clinic,clinic,,,,False,,,
6467964373,Медок,doctors,doctor,,,,False,,,
6467992861,НеоМед,doctors,doctor,,,,False,,,
6475175186,Синомед,clinic,clinic,,,,False,,,
6476592244,Paleon,clinic,clinic,,,,False,,,
6479115778,Центр доктора Бубновского,doctors,doctor,,,,False,,,
6483404661,Пикассо,doctors,laboratory,diagnostic_radiology,,,False,,,
6485359485,Психоневрологический диспансер № 7,clinic,clinic,,,,False,,,
6510881085,LoraClinic,clinic,clinic,dentist;stomatology;orthopaedics,,,False,,,
6511215975,Эстетика групп,clinic,clinic,,,,False,,,
6514707486,CMD,doctors,laboratory,,,,False,,,
6518568774,Соляная пещера,doctors,,,,,False,,,
6518638493,Клиника неврологии профессора Тонких Р. В.,doctors,doctor,,,,False,,,
6533551775,CMD,doctors,laboratory,,,,False,,,
6534199356,Детская городская поликлиника № 38,clinic,clinic,,,,True,,,
6549217331,Психоневрологический диспансер № 21,clinic,clinic,,,,False,,,
6550969886,Медикл клуб,doctors,doctor,,,,False,,,
6551051685,CMD,doctors,laboratory,,,,False,,,
6551716615,Палиса,clinic,clinic,,,,False,,,
6571969105,,doctors,doctor,,,,False,,,
6574693132,"Медицинский центр ""Хеликс""",,clinic,general;gynaecology;cardiology;clinic,,,False,,,
6588905326,Московский диагностический центр,doctors,doctor,,,,False,,,
6593715901,Инвитро,doctors,laboratory,,,,False,,,
6597353357,МедСтар,doctors,doctor,,,,False,,,
6638818846,Исцеление,clinic,clinic,,,,False,,,
6644719231,ЭФиС,clinic,clinic,,,,False,,,
6662349367,Территория речи,doctors,,,,,False,,,
6668120836,Janelle,clinic,clinic,,,,False,,,
6674353626,"ГБУЗ МНПЦ борьбы с туберкулезом по ЮЗАО, филиал 4",clinic,clinic,,,,False,,,
6685476509,Lasmed,clinic,clinic,,,,False,,,
6696050403,Гемотест,doctors,laboratory,,,,False,,,
6708024084,Мединсайт,clinic,clinic,,,,False,,,
6718444013,Different Lab,clinic,clinic,,,,False,,,
6721063461,Семейная медицина,clinic,clinic,,,,False,,,
6738963267,Гемокод,clinic,clinic,,,,False,,,
6744027278,Лаборатория здоровья,clinic,,,,,False,,,
6753483949,Медэксперт,doctors,doctor,,,,False,,,
6753483958,А клиника,clinic,clinic,,,,False,,,
6753483959,Тибет,clinic,clinic,,,,False,,,
6763917250,Хеликс Центр Беляево,doctors,laboratory,,,,False,,,
6769635358,Асклепион,doctors,doctor,,,,False,,,
6776946686,Нуклеомед,clinic,clinic,,,,False,,,
6777046185,Детская городская поликлиника No32 филиал 2,clinic,clinic,,,,True,,,
6778353589,Хеликс,doctors,doctor,,,,False,,,
6792813096,Молокораздаточный пункт,doctors,doctor,,,,False,,,
6794064985,Эверон,clinic,clinic,,,,False,,,
6795322188,Поликлиника №2 больницы им. Юдина,clinic,clinic,,,,True,,,
6805419522,ЛаМед,doctors,doctor,,,,False,,,
6814059485,Столица,clinic,clinic,,,,False,,,
6824695801,Инсан,clinic,clinic,,,,False,,,
6824715169,Центр эстетической и лазерной хирургии доктора Листратенкова,doctors,doctor,,,,False,,,
6825820834,Здоровая семья,clinic,,,,,False,,,
6843697728,Медицинский центр,clinic,clinic,,,,False,,,
6846383395,Сокол,clinic,clinic,,,,False,,,
6852895685,Мострезвость,doctors,doctor,,,,False,,,
6859871798,ФертиЛаб,doctors,doctor,,,,False,,,
6860014755,Дар жизни,clinic,clinic,,,,False,,,
6882307266,A Medclinic,clinic,clinic,,,,False,,,
6882312790,Selena Clinic,clinic,,,,,False,,,
6893906408,Медико-психологический центр индивидуальности,doctors,doctor,,,,False,,,
6895812431,Клиника доктора Шишонина,doctors,doctor,,,,False,,,
6899142085,Эхинацея,clinic,clinic,allergology;cardiology;dermatovenereology;community;endocrinology;gastroenterology;gynaecology;neurology;ophthalmology;otolaryngology;psychiatry;rheumatology;urology,,,False,,,
6901806289,СМ-Клиника,clinic,,,,,False,,,
6905061447,Решение,clinic,rehabilitation,,ООО «РЕШЕНИЕ»,,False,,,
6926716708,Днком,doctors,doctor,,,,False,,,
6930054572,Гемотест,doctors,laboratory,,,,False,,,
6930069688,Инвитро,doctors,laboratory,,,,False,,,
6944558285,Инвитро,doctors,laboratory,,,,False,,,
6962840364,Здоров легко,clinic,clinic,,,,False,,,
6967587904,Соль Плюс,doctors,doctor,,,,False,,,
6980380685,KDL,doctors,laboratory,,,,False,,,
6984529565,CMD,doctors,laboratory,,,,False,,,
6988224166,Студия спорта и спортивной реабилитации Татьяны Муратовой,doctors,doctor,,,,False,,,
7002097914,Близкие люди,hospital,hospital,,ИП Глазова Н.А.,,False,,,
7006049764,Чжуд-ши,clinic,clinic,,,,False,,,
7006657296,KDL,doctors,laboratory,,КДЛ ДОМОДЕДОВО-ТЕСТ,,False,,,
7009849057,Вералаб,doctors,doctor,,,,False,,,
7029461065,Клиника на Ленинском 131,clinic,clinic,,,,False,,,
7029517999,"Центр подологии, эстетики и массажа",doctors,doctor,,,,False,,,
7042394284,Доктор Чой,clinic,clinic,,,,False,,,
7044987094,Здоровье,clinic,clinic,,,,False,,,
7049284185,Sante,clinic,,,,,False,,,
7058625375,Ваш Доктор,clinic,clinic,,,,False,,,
7058625376,Фертимед,clinic,clinic,,,,False,,,
7067436186,Травмпункт Юго-Западного округа,doctors,doctor,,,,False,,,
7082631786,Курортный дом,clinic,clinic,,,,False,,,
7083106744,ЛабКвест,doctors,doctor,,,,False,,,
7084030729,,clinic,,,,,False,,,
7090815988,Fair Way,doctors,doctor,,,,False,,,
7115068176,Анализы.рф,doctors,doctor,,,,False,,,
7118093206,Центр таргетной терапии,clinic,clinic,,,,False,,,
7118093272,Aging Control,clinic,clinic,,,,False,,,
7126269743,KDL,doctors,laboratory,,КДЛ ДОМОДЕДОВО-ТЕСТ,,False,,,
7137583354,Лечу,clinic,clinic,,,,False,,,
7147335385,Центр медико-биологических технологий,clinic,clinic,,,,False,,,
7147335479,Клиника Доктора Елдзарова,doctors,doctor,,,,False,,,
7170370672,Доктор Лидер,clinic,clinic,,,,False,,,
7185289330,Beauty Trend,clinic,clinic,,,,False,,,
7188767348,Клазко,clinic,clinic,,,,False,,,
7191950662,Левобережная,clinic,clinic,,,,False,,,
7200162549,Сити Клиник,clinic,clinic,,,,False,,,
7206567674,LabQuest,doctors,doctor,,,,False,,,
7216839009,ЛабКвест,doctors,doctor,,,,False,,,
7228471284,Инвитро,doctors,laboratory,,,,False,,,
7232632777,Усадьба Спа,doctors,doctor,,,,False,,,
7236458973,Клиника Семейная,clinic,clinic,cardiology;dermatology;gynaecology;ophthalmology;orthopaedics;otolaryngology;paediatrics;plastic_surgery;urology,ССМЦ,private,False,,,
7249673083,Мобилмед,doctors,doctor,,,,False,,,
7253182897,CMD,doctors,laboratory,,,,False,,,
7253281885,Московский центр рассеянного склероза,doctors,doctor,,,,False,,,
7254804776,KDL,doctors,laboratory,,КДЛ ДОМОДЕДОВО-ТЕСТ,,False,,,
7255673715,Лечу,doctors,doctor,,,,False,,,
7259145944,Поликлинника №3,doctors,doctor,,,,True,,,
7267060485,Медэталон,clinic,clinic,,Мирамед,,False,,,
7285035715,Гемотест,doctors,laboratory,blood_check,,,False,,,
7285170385,Травматологический пункт,doctors,doctor,trauma,"ГБУЗ ""ГП №134 ДЗМ""",,False,,,
7285379540,Orange Clinic,clinic,,,,,False,,,
7294350130,NovaScreen,doctors,laboratory,,,,False,,,
7304070068,Астери-Мед,doctors,,,,,False,,,
7323140786,Ортоспайн,clinic,clinic,,,,False,,,
7333329399,Social Stress Clinic,clinic,clinic,,,,False,,,
7334712602,Городской реабилитационный центр,clinic,clinic,narcology,ГБУ здравоохранения г.Москвы Московский научно-практический центр наркологии,,False,,,
7341815473,X.O Лаборатория,clinic,clinic,,,,False,,,
7341815474,Подход,clinic,rehabilitation,,,,False,,,
7347483467,Медицинский консультационный центр,doctors,doctor,,,,False,,,
7368575970,Андреевские больницы,clinic,clinic,,Неболит,,False,,,
7369268548,Esthetic Clinik,clinic,clinic,,,,False,,,
7371100798,Медицинский центр доктора Болдырева,clinic,clinic,neurology,,,False,,,
7406328486,Консультативно-диагностический центр здоровья для детей,doctors,,,,,False,,,
7410663787,МСЧ Гознака,clinic,clinic,,,,False,,,
7464676873,Поликлиника № 28,clinic,clinic,,,,True,,,
7466057423,Геколаб,clinic,clinic,,,,False,,,
7479002895,Детская стоматологическая поликлиника №30,clinic,clinic,stomatologist;dentist_orthopedist;implantologist;dentist_therapist;dentist_ortodont,,,True,,,
7515829694,Инвитро,doctors,laboratory,,,,False,,,
7528860730,Внуки Гиппократа,clinic,clinic,,,,False,,,
7545516159,София,clinic,clinic,,,,False,,,
7545516202,Психотерапевтическая практика,doctors,doctor,,,,False,,,
7562972853,Ситилаб,doctors,doctor,,,,False,,,
7587852406,CMD,doctors,,,,,False,,,
7587856560,Логро-Мед,doctors,,,,,False,,,
7593139885,Инвитро,doctors,laboratory,,,,False,,,
7600831338,Эволюция,doctors,doctor,,,,False,,,
7605840441,Психиатрическая клиническая больница № 13. Филиал № 1 Диспансерное отделение № 2,clinic,hospital,psychiatry,"ГБУЗ ""Психиатрическая клиническая больница № 13 ДЗМ""",public,False,,,
7606020255,Преамбула,clinic,clinic,,Преамбула,,False,,,
7606020256,Преамбула,dentist,clinic,,Преамбула,,False,,,
7606020258,Преамбула,clinic,clinic,,Преамбула,,False,,,
7606020259,Преамбула,clinic,clinic,,Преамбула,,False,,,
7606020260,Преамбула,clinic,clinic,,Преамбула,,False,,,
7606751853,KDL,doctors,laboratory,,КДЛ ДОМОДЕДОВО-ТЕСТ,,False,,,
7606751854,KDL,doctors,laboratory,,КДЛ ДОМОДЕДОВО-ТЕСТ,,False,,,
7606751897,KDL,doctors,laboratory,,КДЛ ДОМОДЕДОВО-ТЕСТ,,False,,,
7606751898,KDL,doctors,laboratory,,КДЛ ДОМОДЕДОВО-ТЕСТ,,False,,,
7606751899,KDL,doctors,laboratory,,КДЛ ДОМОДЕДОВО-ТЕСТ,,False,,,
7606751900,KDL,doctors,laboratory,,КДЛ ДОМОДЕДОВО-ТЕСТ,,False,,,
7606751901,KDL,doctors,laboratory,,КДЛ ДОМОДЕДОВО-ТЕСТ,,False,,,
7606751902,KDL,doctors,laboratory,,КДЛ ДОМОДЕДОВО-ТЕСТ,,False,,,
7606751903,KDL,doctors,laboratory,,КДЛ ДОМОДЕДОВО-ТЕСТ,,False,,,
7606751904,KDL,doctors,laboratory,,КДЛ ДОМОДЕДОВО-ТЕСТ,,False,,,
7606751905,KDL,doctors,laboratory,,КДЛ ДОМОДЕДОВО-ТЕСТ,,False,,,
7606751906,KDL,doctors,laboratory,,КДЛ ДОМОДЕДОВО-ТЕСТ,,False,,,
7606751911,KDL,doctors,laboratory,,КДЛ ДОМОДЕДОВО-ТЕСТ,,False,,,
7606751913,KDL,doctors,laboratory,,КДЛ ДОМОДЕДОВО-ТЕСТ,,False,,,
7606907359,GMS Clinic,clinic,clinic,,,,False,,,
7625250494,Университетская клиника,clinic,clinic,neurology;urology;trauma;urology;ophthalmology;orthopaedics;otolaryngology;stomatology;vaccination;surgery;nephrology;gastroenterology;endocrinology;diagnostic_radiology;cardiology,Российский государственный социальный университет,,False,,,
7632290904,Парацельс,clinic,,,,,False,,,
7635326731,Santefemme,clinic,clinic,,,,False,,,
7666528787,Медцентр 24,clinic,rehabilitation,,,,False,,,
7666582985,Медцентр 24,clinic,rehabilitation,,,,False,,,
7677818285,Золотые руки,clinic,,,,,False,,,
7678282443,Всустав,clinic,clinic,,,,False,,,
7682487085,Эльклиник,clinic,clinic,,,,False,,,
7683115685,Соляной грот,doctors,,,,,False,,,
7687043610,Детская городская поликлиника №10. Филиал № 2,clinic,clinic,,Государственное бюджетное учреждение здравоохранения города Москвы «Детская городская поликлиника №10 Департамента здравоохранения города Москвы»,,True,,,
7689311327,Поколение Next,clinic,clinic,,,,False,,,
7699144542,Свобода движения,clinic,clinic,,,,False,,,
7711480991,Медкомиссия № 1,doctors,doctor,,,,False,,,
7719831026,"Протезно-ортопедическое предприятие ""Прометр""",doctors,doctor,,,,False,,,
7739339412,СпецМедПроф,clinic,clinic,,,,False,,,
7758300045,Центр системной гомеопатии,clinic,clinic,,,,False,,,
7764107366,Гемотест,doctors,laboratory,,,,False,,,
7783724824,Семейный Доктор,clinic,clinic,,,,False,,,
7797655335,Гемотест,doctors,laboratory,,,,False,,,
7799579091,Медпрайм,clinic,clinic,,,,False,,,
7804702956,Biormed,doctors,doctor,,,,False,,,
7832213257,МРТ Эксперт,doctors,doctor,,МРТ-Эксперт Мытищи,,False,,,
7832364857,Юнимед-С,clinic,clinic,,ЗАО Юнимед-С,,False,,,
7832365995,МедКвадрат,clinic,clinic,,"ООО ""Медквадрат""",,False,,,
7832425086,Поликлиника №2 Борисовка,clinic,clinic,,ООО Поликлиника №2 Борисовка,,True,,,
7844583114,Мелситек,clinic,clinic,,ООО «Центр Врачебной практики»,,False,,,
7849926088,Клиника доктора Патласова,clinic,clinic,,,,False,,,
7850399772,Травмпункт,doctors,doctor,,,,False,,,
7850777003,Амариллис,doctors,,,,,False,,,
7856254293,Медпункт,doctors,,,,,False,,,
7856343985,Медицинский центр МС,clinic,,,,,False,,,
7881293785,Доктор рядом,clinic,,,,,False,,,
7901175107,МДЦ-С,doctors,,,,,False,,,
7901240656,Доктор с вами,doctors,,,,,False,,,
7908153081,Семейный Доктор,clinic,clinic,,,,False,,,
7932562886,Эстелаб,clinic,clinic,,,,False,,,
7942484137,Медтехрейс,clinic,clinic,,ООО Медтехрейс,,False,,,
7959381162,Инвитро,doctors,laboratory,,,,False,,,
7966910136,KDL,doctors,laboratory,,,,False,,,
7978715177,Клиника доктора Бобыря,doctors,doctor,,,,False,,,
7980899954,АвроМед,clinic,clinic,,,,False,,,
7981017356,АвроМед,clinic,clinic,,,,False,,,
7988923338,Клиника доктора Мясникова,clinic,clinic,,,,False,,,
8006848261,KDL,doctors,laboratory,,КДЛ ЦЕНТР,,False,,,
8006902333,KDL,doctors,laboratory,,"""КДЛ ДОМОДЕДОВО-ТЕСТ""",,False,,,
8006902334,KDL,doctors,laboratory,,"""КДЛ ДОМОДЕДОВО-ТЕСТ""",,False,,,
8006902335,KDL,doctors,laboratory,,"""КДЛ ДОМЕДОДОВО-ТЕСТ""",,False,,,
8011206058,Инвитро,doctors,laboratory,,,,False,,,
8016815531,МЕДСемья,clinic,clinic,,,,False,,,
8018476908,Хеликс,doctors,,,,,False,,,
8042748667,Инвитро,doctors,laboratory,,,,False,,,
8047182571,Гемотест,doctors,laboratory,,,,False,,,
8048602868,Городская поликлиника № 62. Филиал № 4,clinic,clinic,,,,True,,,
8064926468,ЗдравКлиник,clinic,,,,,False,,,
8065641954,Клиника на Садовом,clinic,clinic,,Клиника на Садовом,,False,,,
8069591451,,clinic,clinic,,,,False,,,
8081059112,Открытая клиника,clinic,clinic,,,,False,,,
8085346797,Real Clinic,clinic,clinic,,,,False,,,
8087322665,"Клиника здорового позвоночника ""ЗДРАВствуйте""",clinic,clinic,,,,False,,,
8092038755,Медицинский Центр Кинезиотерапии и Реабилитации в Сокольниках,,clinic,orthopaedics,,,False,,,
8093205466,Детский травматологический пункт,doctors,,trauma,,,False,,,
8102049156,Первая клиника Измайлово,doctors,,,,,False,,,
8102049157,CMD,doctors,laboratory,,,,False,,,
8110613002,ДНКом,doctors,laboratory,,,,False,,,
8126592821,Медси,clinic,,,,,False,,,
8142474577,Медицинский центр на Псковской,clinic,clinic,,"ООО ""ИМСТиРи""",,False,,,
8145275508,Verte,clinic,clinic,,,,False,,,
8146883465,Всероссийский центр контактной коррекции зрения,clinic,clinic,,,,False,,,
8149143297,Labquest,doctors,laboratory,,,,False,,,
8151450491,,doctors,,,,,False,,,
8152353881,Честная клиника,clinic,clinic,,,,False,,,
8154394699,Ndc,hospital,hospital,,Ndc,,False,,,
8156027899,МРТ в Тушино,doctors,laboratory,,,,False,,,
8158589343,Ясный взор,clinic,clinic,,,,False,,,
8191912938,KDL,doctors,laboratory,,КДЛ Домодево-Тест,,False,,,
8192074779,ЛабКвест,doctors,laboratory,,,,False,,,
8192962007,Московская городская онкологическая больница № 62,doctors,doctor,,,,False,,,
8195220477,Микробиологическая лаборатория,doctors,,,,,False,,,
8198477199,"Клиника ""ОМС""",doctors,,,,,False,,,
8201699376,ГБУЗ МНПЦДК ДЗМ филиал Солнцевский,clinic,clinic,,,,False,,,
8201939654,ГБУЗ МНПЦДК ДЗМ филиал Хорошевский,clinic,clinic,,,,False,,,
8201995964,Клиника 1,clinic,clinic,,,,False,,,
8202201399,ГБУЗ МНПЦДК ДЗМ филиал Южный,clinic,clinic,,,,False,,,
8202285009,Клиника аллергологии кожи,,clinic,,,,False,,,
8202468538,Ваш Доктор,clinic,clinic,,,,False,,,
8205414017,CMD,doctors,laboratory,,Центр молекулярной диагностики,,False,,,
8205992218,Клиника профессора Калинченко,clinic,clinic,,,,False,,,
8214858141,Инвитро,doctors,laboratory,,,,False,,,
8232080751,CMD,doctors,laboratory,,,,False,,,
8237590088,KDL,doctors,laboratory,,КДЛ ДОМОДЕДОВО-ТЕСТ,,False,,,
8237590089,KDL,doctors,laboratory,,КДЛ ДОМОДЕДОВО-ТЕСТ,,False,,,
8254354700,Клиника Семейная,clinic,clinic,gynaecology;ophthalmology;paediatrics;dermatology;urology;cardiology;neurology;plastic_surgery,ССМЦ,private,False,,,
8255888265,БиоОптима,clinic,clinic,,,,False,,,
8255888488,Женская консультация № 7 ГКБ им. С.И. Спасокукоцкого. Филиал № 2,clinic,clinic,,,,False,,,
8280734492,Соляная пещера,doctors,,,,,False,,,
8281001163,Логопед,doctors,doctor,,,,False,,,
8281977404,Dr.Vasilenko,clinic,clinic,,,,False,,,
8286656970,Экстра,,clinic,general,,,False,,,
8302651017,Сити мед,clinic,,,,,False,,,
8302651521,Лабквест,clinic,,,,,False,,,
8305749918,Семья с плюсом,clinic,clinic,,"ООО Клиника ""Семья с плюсом""",,False,,,
8316766298,ReInTa,clinic,clinic,,,,False,,,
8325318826,ДНКом,doctors,laboratory,,,,False,,,
8339238319,Детская поликлиника,clinic,,,,,True,,,
8356851417,Green Clinic,doctors,,,,,False,,,
8358771138,Гемотест,doctors,laboratory,,,,False,,,
8358812266,М-Вита,doctors,doctor,,,,False,,,
8370846280,CMD в ЮВАО-Кузьминки,clinic,,,ООО Ремед,,False,,,
8394551762,,doctors,doctor,,,,False,,,
8394636509,Психоневрологический диспансер №1,clinic,clinic,,,,False,,,
8442825325,Медицина и Красота,clinic,clinic,,,,False,,,
8445715629,Гранат,clinic,psychotherapist,,,,False,,,
8475102464,Скорая медицинская помощь «СНП 03»,clinic,clinic,,,,False,,,
8476197285,Formula,clinic,clinic,surgery,,,False,,,
8480260088,Научно-исследовательский центр детской нейропсихологии им. А.Р. Лурии,clinic,,,,,False,,,
8499207074,Синь-я-чжу,clinic,alternative,acupuncture,,,False,,,
8507561287,Сфера,clinic,clinic,,,,False,,,
8508247125,Мир долголетия,clinic,clinic,,,,False,,,
8521173271,Авиценна,clinic,,,ООО Авиценна,,False,,,
8521173284,Медпойма,clinic,,,ООО Медпойма,,False,,,
8521187102,Медикари,clinic,,,Медикари,,False,,,
8521187103,Лор-клиника на Ленинском,clinic,clinic,,Лор-клиника на Ленинском,,False,,,
8521191351,Профмедлаб,clinic,clinic,,Профмедлаб,,False,,,
8521191354,Кабинет психолога Зародиной В. В.,doctors,,,Кабинет психолога Зародиной В. В.,,False,,,
8521191378,Офтальмологическая клиника доктора Яковлева,hospital,hospital,,Яковлева В.Е.,,False,,,
8521191381,Медицинские анализы №1,doctors,,,Медицинские анализы №1,,False,,,
8521191414,М-медик,clinic,,,ООО Даямед,,False,,,
8540708394,Ситилаб,doctors,laboratory,,,,False,,,
8540708403,Фэмили клиника,clinic,clinic,,,,False,,,
8566580517,Гемотест,doctors,laboratory,,,,False,,,
8567117219,Helix,doctors,,,,,False,,,
8569349717,Поликлиника №36,clinic,clinic,,,,True,,,
8583371554,"Детская поликлиника ""Лечебное дело""",clinic,clinic,,,,True,,,
8601250564,KDL,doctors,laboratory,,,,False,,,
8613944106,,doctors,,,,,False,,,
8628615876,,doctors,doctor,,,,False,,,
8635426731,Клиника Академической Косметологии,clinic,,,Клиника Академической Косметологии,,False,,,
8635544131,Медицинский центр династии Гончаровых,clinic,clinic,,,,False,,,
8644649103,Городская поликлиника № 5. Филиал 1,doctors,doctor,,,,True,,,
8644681529,Luz de La Luna,clinic,clinic,,,,False,,,
8644681533,Медгород,clinic,clinic,,,,False,,,
8644681534,ДНКОМ,doctors,laboratory,,,,False,,,
8648232927,CMD,doctors,laboratory,,,,False,,,
8649839274,Поликлиника № 3,clinic,clinic,,,,True,,,
8668545952,Вавилов Мед,clinic,clinic,,,,False,,,
8706777690,"Медицинский центр ""Век здоровья""",doctors,doctor,,,,False,,,
8707616046,CMD,doctors,laboratory,,,,False,,,
8708995720,Инвитро,doctors,laboratory,,,,False,,,
8717266106,Гемотест,doctors,laboratory,,ООО «ДИАГНОСТ»,,False,,,
8720860180,Melanoma Unit,clinic,clinic,dermatology;oncology;radiotherapy,,,False,,,
8724507313,Шаолинь,clinic,clinic,,,,False,,,
8724555320,Городская поликлиника №12 Филиал №1,clinic,clinic,,,,True,,,
8731799320,Кредэ Эксперто,clinic,clinic,general;ophthalmology;dentist;psychiatry;otolaryngology;urology;dermatology,ООО «Клиника современный медицинских технологий»,private,False,,,
8731799333,Кредеэксперто,clinic,clinic,general;ophthalmology;dentist;psychiatry;otolaryngology;urology;dermatology,ООО «Клиника современный медицинских технологий»,private,False,,,
8733934653,Евромедклиник,clinic,clinic,,,,False,,,
8743657125,Labquest,doctors,laboratory,,,,False,,,
8752557691,Горклиника в Перово,clinic,,,,,False,,,
8752581920,Глазная клиника доктора Беликовой,clinic,,,,,False,,,
8752581923,Андреевские больницы,hospital,,,,,False,,,
8753359159,City med,clinic,clinic,,,,False,,,
8770618094,Ситилаб,doctors,laboratory,,,,False,,,
8771577798,Семья,clinic,clinic,,,,False,,,
8791996391,Гемотест,doctors,doctor,,,,False,,,
8791996392,Гемотест,doctors,laboratory,,,,False,,,
8810930268,ДГКБ №9 им. Г. Н. Сперанского ДЗМ. Филиал № 2,clinic,,,,,False,,,
8818567717,Фабрика улыбок,clinic,,,,,False,,,
8818681410,Гемотест,doctors,laboratory,,,,False,,,
8818694937,Инвитро,doctors,laboratory,,,,False,,,
8829940026,Медалье,clinic,clinic,gynaecology;radiology;dentist,,,False,,,
8831571775,Говорун,,centre,neuropsychology;speech_therapy,,,False,,,
8832281994,Epilas,doctors,doctor,dermatology;cosmetic,MedHealth LLC,private,False,,,
8839209389,Клиника профессора Здановского,doctors,,,,,False,,,
8839209401,Здоровье,clinic,,,,,False,,,
8839209402,Здоровье,clinic,clinic,,,,False,,,
8839210250,Хороший доктор,doctors,,,,,False,,,
8840267152,Эпимед,doctors,,,,,False,,,
8847855717,MedEx,clinic,clinic,,,,False,,,
8862435018,Пластео,clinic,,,,,False,,,
8866096417,Гемотест,doctors,laboratory,,,,False,,,
8867381619,Анализы,doctors,,,,,False,,,
8871554164,Инвитро,doctors,laboratory,biology,,,False,,,
8897730516,CMD,doctors,laboratory,,,,False,,,
8899122714,Labquest,doctors,laboratory,biology,,,False,,,
8905267467,Будь здоров,clinic,clinic,,,,False,,,
8908169517,Инвитро,doctors,laboratory,,,,False,,,
8909395417,Helix,doctors,,,,,False,,,
8909425134,Локомед,clinic,,,,,False,,,
8909435918,Клиника доктора Аделя,clinic,,,,,False,,,
8909907417,CMD,doctors,laboratory,,,,False,,,
8912000194,Центр иммунологии и репродукции,clinic,clinic,gynaecology;otolaryngology;urology,,,False,,,
8938851925,KDL,doctors,laboratory,,,,False,,,
8938851926,KDL,doctors,laboratory,,,,False,,,
8938851927,KDL,doctors,,,,,False,,,
8938851928,KDL,doctors,laboratory,,,,False,,,
8938851930,KDL,doctors,laboratory,,,,False,,,
8938851937,KDL,doctors,laboratory,,,,False,,,
8942265175,Sante clinic,clinic,clinic,,,,False,,,
8945264356,Инвитро,doctors,laboratory,,,,False,,,
8963762304,ОН Клиник,clinic,clinic,general;gynaecology;ophthalmology;dentist;orthopaedics;radiology;urology;physiotherapy;neurology;cardiology;dermatology,,,False,,,
8974554514,Невро-Мед,clinic,clinic,,,,False,,,
8976420865,Labquest,doctors,laboratory,,,,False,,,
8976727477,Labquest,doctors,laboratory,,,,False,,,
8983708200,Гемотест,doctors,laboratory,,,,False,,,
8984359450,Гемотест,doctors,laboratory,,,,False,,,
8986883568,МироМед,,doctor,,,,False,,,
9010683221,Поликлиника № 11,clinic,,,,,True,,,
9021299217,Алёнка,clinic,clinic,,,,False,,,
9026746965,CMD,doctors,laboratory,,,,False,,,
9032520271,Семейный доктор,clinic,clinic,,,,False,,,
9046328279,Здоровая Москва,doctors,doctor,,,,False,,,
9050045003,CMD,doctors,laboratory,,,,False,,,
9057239168,Кураре,clinic,clinic,,,,False,,,
9061541598,Будь здоров,doctors,laboratory,,,,False,,,
9066995600,Доктор Линз,clinic,clinic,,,,False,,,
9071039815,Сад здоровья,doctors,rehabilitation,physiatry,,,False,,,
9071039816,Сад здоровья,doctors,doctor,trauma;neurology;cardiology;osteopathy;reflexology;orthopaedics,,,False,,,
9074811867,Медицинский центр доктора Длина,clinic,clinic,,,,False,,,
9077896523,Юнимед-Кейджи,clinic,clinic,,,,False,,,
9089414603,Медлайн-Сервис,clinic,clinic,,,,False,,,
9103096117,CMD,doctors,laboratory,,,,False,,,
9118172551,Глазная клиника доктора Беликовой,clinic,clinic,,,,False,,,
9123020662,CityMed,doctors,laboratory,,,,False,,,
9146501998,Инвитро,doctors,laboratory,,,,False,,,
9159055531,Травмпункт,doctors,doctor,emergency,,,False,,,
9164980494,Московский доктор,clinic,clinic,,,,False,,,
9169909279,Олимп Клиник,clinic,clinic,,,,False,,,
9183991385,Omny Beauty,clinic,clinic,,,,False,,,
9206272951,Medok,clinic,clinic,,,,False,,,
9206272978,NovaScreen,doctors,laboratory,,,,False,,,
9206272989,Виамед,clinic,clinic,,,,False,,,
9214275133,Гемотест,doctors,laboratory,,,,False,,,
9214280003,Медео,clinic,clinic,,,,False,,,
9249723544,Гемотест,doctors,laboratory,,,,False,,,
9268126923,CMD,doctors,laboratory,,,,False,,,
9270073655,"Детская городская поликлиника № 91, филиал № 1",clinic,clinic,,,,True,,,
9270073656,"Городская поликлиника № 67, филиал №4",clinic,clinic,,,,True,,,
9284910593,"Медицинский центр ""Доктор Боголюбов""",doctors,,,,,False,,,
9284910594,Наша поликлиника,doctors,doctor,,,,True,,,
9284961337,"Московский научно-практический центр медицинской реабилитации,востановительной и спортивной медицины, филиал №9",clinic,clinic,,,,False,,,
9285140122,Мед Технолоджи,clinic,clinic,,,,False,,,
9289635613,Гемотест,doctors,,,,,False,,,
9289635615,Здоровая семья,doctors,,,,,False,,,
9382242307,Олимп,doctors,,,"ООО МДЦ ""Олимп""",,False,,,
9419970517,Клиника Доктора Загера,clinic,,,,,False,,,
9429741477,Chromolab,doctors,laboratory,,ООО «ХРОМОЛАБ»,,False,,,
9433110276,Гемотест,doctors,laboratory,,,,False,,,
9433646995,Хеликс,doctors,laboratory,,,,False,,,
9436455026,Гемотест,doctors,laboratory,,,,False,,,
9447096012,CMD,doctors,laboratory,,,,False,,,
9454951914,СМ-Клиника,clinic,clinic,,,,False,,,
9467825390,Гемотест,doctors,laboratory,biology,"ООО ""Гемотест Столица""",,False,,,
9487516040,Доктор с вами,clinic,clinic,,,private,False,,,
9496122319,Научно-образовательный медико-технологический центр,,centre,,,,False,,,
9496122351,Московская служба психологической помощи населению,social_facility,centre,psychiatry,,,False,,,
9500034583,Восход,,centre,child_psychiatry,,,False,,,
9500034600,,,centre,hemodialysis,,,False,,,
9504526614,Семейный Доктор,clinic,clinic,,,,False,,,
9524463887,Гемотест,doctors,laboratory,,,,False,,,
9531973008,Инвитро,doctors,laboratory,,,,False,,,
9542878021,LabQuest,doctors,laboratory,,,,False,,,
9543606303,Лабораторное отделение №2 Морозовской детской больницы,doctors,doctor,,,,False,,,
9553047488,Гемотест,doctors,laboratory,,,,False,,,
9556991449,Медлайн-Сервис,clinic,,,,,False,,,
9560604325,LabQuest,doctors,laboratory,,,,False,,,
9580996427,,doctors,doctor,,,,False,,,
9585720426,Бьюти лайн,clinic,clinic,,,,False,,,
9585770489,Доктор Акнер,doctors,laboratory,ultrasound;fertility;urology,,,False,,,
9592111140,Преображение,clinic,clinic,,,,False,,,
9599735911,in Harmony,clinic,clinic,,,,False,,,
9611497353,Андреевские больницы,dentist,clinic,,Неболит,,False,,,
9611497354,Андреевские больницы (детское отделение),clinic,clinic,paediatrics,Неболит,,False,,,
9612516325,Инвитро,doctors,laboratory,,,,False,,,
9612516334,Инвитро,doctors,laboratory,,,,False,,,
9612516335,Инвитро,doctors,laboratory,,,,False,,,
9612516336,Инвитро,doctors,laboratory,,,,False,,,
9612516338,Инвитро,doctors,laboratory,,,,False,,,
9612516339,Инвитро,doctors,laboratory,,,,False,,,
9612516340,Инвитро,doctors,laboratory,,,,False,,,
9612516395,Инвитро,doctors,laboratory,,,,False,,,
9612516408,Инвитро,doctors,laboratory,,,,False,,,
9612516581,Инвитро,doctors,laboratory,,,,False,,,
9612516582,Инвитро,doctors,laboratory,,,,False,,,
9612516710,Инвитро,doctors,laboratory,,,,False,,,
9612516711,Инвитро,doctors,laboratory,,,,False,,,
9612516733,Инвитро,doctors,laboratory,,,,False,,,
9612516758,Инвитро,doctors,laboratory,,,,False,,,
9612516759,Инвитро,doctors,laboratory,,,,False,,,
9612516760,Инвитро,doctors,laboratory,,,,False,,,
9612516761,Инвитро,doctors,laboratory,,,,False,,,
9612516762,Инвитро,doctors,laboratory,,,,False,,,
9612516764,Инвитро,doctors,laboratory,,,,False,,,
9612516765,Инвитро,doctors,laboratory,,,,False,,,
9612516767,Инвитро,doctors,laboratory,,,,False,,,
9612516768,Инвитро,doctors,laboratory,,,,False,,,
9612516769,Инвитро,doctors,laboratory,,,,False,,,
9612516770,Инвитро,doctors,laboratory,,,,False,,,
9612516771,Инвитро,doctors,laboratory,,,,False,,,
9612516772,Инвитро,doctors,laboratory,,,,False,,,
9612516773,Инвитро,doctors,laboratory,,,,False,,,
9612516774,Инвитро,doctors,laboratory,,,,False,,,
9612516775,Инвитро,doctors,laboratory,,,,False,,,
9612516776,Инвитро,doctors,laboratory,,,,False,,,
9612516779,Инвитро,doctors,laboratory,,,,False,,,
9612516781,Инвитро,doctors,laboratory,,,,False,,,
9612516782,Инвитро,doctors,laboratory,,,,False,,,
9612516783,Инвитро,doctors,laboratory,,,,False,,,
9612516784,Инвитро,doctors,laboratory,,,,False,,,
9612516785,Инвитро,doctors,laboratory,,,,False,,,
9612516786,Инвитро,doctors,laboratory,,,,False,,,
9612516787,Инвитро,doctors,laboratory,,,,False,,,
9612516788,Инвитро,doctors,laboratory,,,,False,,,
9612516789,Инвитро,doctors,laboratory,,,,False,,,
9612516791,Инвитро,doctors,laboratory,,,,False,,,
9612516792,Инвитро,doctors,laboratory,,,,False,,,
9612516793,Инвитро,doctors,laboratory,,,,False,,,
9612516794,Инвитро,doctors,laboratory,,,,False,,,
9612516795,Инвитро,doctors,laboratory,,,,False,,,
9612516797,Инвитро,doctors,laboratory,,,,False,,,
9612516798,Инвитро,doctors,laboratory,,,,False,,,
9612516799,Инвитро,doctors,laboratory,,,,False,,,
9612516800,Инвитро,doctors,laboratory,,,,False,,,
9612516801,Инвитро,doctors,laboratory,,,,False,,,
9612516802,Инвитро,doctors,laboratory,,,,False,,,
9612516803,Инвитро,doctors,laboratory,,,,False,,,
9612516804,Инвитро,doctors,laboratory,,,,False,,,
9612516805,Инвитро,doctors,laboratory,,,,False,,,
9612516806,Инвитро,doctors,laboratory,,,,False,,,
9612516808,Инвитро,doctors,laboratory,,,,False,,,
9612516809,Инвитро,doctors,laboratory,,,,False,,,
9612516810,Инвитро,doctors,laboratory,,,,False,,,
9612516811,Инвитро,doctors,laboratory,,,,False,,,
9612516812,Инвитро,doctors,laboratory,,,,False,,,
9612516814,Инвитро,doctors,laboratory,,,,False,,,
9612516815,Инвитро,doctors,laboratory,,,,False,,,
9612516816,Инвитро,doctors,laboratory,,,,False,,,
9612516817,Инвитро,doctors,laboratory,,,,False,,,
9612516818,Инвитро,doctors,laboratory,,,,False,,,
9612516819,Инвитро,doctors,laboratory,,,,False,,,
9612517124,Инвитро,doctors,laboratory,,,,False,,,
9612517414,Инвитро,doctors,laboratory,,,,False,,,
9612517416,Инвитро,doctors,laboratory,,,,False,,,
9612517417,Инвитро,doctors,laboratory,,,,False,,,
9612517418,Инвитро,doctors,laboratory,,,,False,,,
9612517419,Инвитро,doctors,laboratory,,ООО «Новолаб»,,False,,,
9612517420,Инвитро,doctors,laboratory,,,,False,,,
9612517422,Инвитро,doctors,laboratory,,,,False,,,
9612517427,Инвитро,doctors,laboratory,,,,False,,,
9612517428,Инвитро,doctors,laboratory,,,,False,,,
9612517429,Инвитро,doctors,laboratory,,,,False,,,
9612517430,Инвитро,doctors,laboratory,,,,False,,,
9612517431,Инвитро,doctors,laboratory,,,,False,,,
9612517432,Инвитро,doctors,laboratory,,,,False,,,
9612517433,Инвитро,doctors,laboratory,,,,False,,,
9612517434,Инвитро,doctors,laboratory,,,,False,,,
9612517435,Инвитро,doctors,laboratory,,,,False,,,
9612517436,Инвитро,doctors,laboratory,,,,False,,,
9612517438,Инвитро,doctors,laboratory,,,,False,,,
9612517439,Инвитро,doctors,laboratory,,,,False,,,
9612517440,Инвитро,doctors,laboratory,,,,False,,,
9612517441,Инвитро,doctors,laboratory,,,,False,,,
9612517442,Инвитро,doctors,laboratory,,,,False,,,
9612517443,Инвитро,doctors,laboratory,,,,False,,,
9612517444,Инвитро,doctors,laboratory,,,,False,,,
9612517445,Инвитро,doctors,laboratory,general,,,False,,,
9612517446,Инвитро,doctors,laboratory,,,,False,,,
9612517447,Инвитро,doctors,laboratory,,,,False,,,
9612517448,Инвитро,doctors,laboratory,,,,False,,,
9612517542,Инвитро,doctors,laboratory,,,,False,,,
9644977757,"Московский научно-практический центр медицинской реабилитации, восстановительной и спортивной медицины, филиал 12",clinic,,,,,False,,,
9645908690,Лор центр доктора Столярова,clinic,clinic,ent;pediatric;audiology,,,False,,,
9659146264,Your Med,clinic,clinic,,,,False,,,
9667335817,СМ-Клиника,clinic,,,,,False,,,
9692628357,Доктор Линз,doctors,doctor,,,,False,,,
9701344284,Институт Традиционной Восточной и Тибетской Медицины,clinic,clinic,,,,False,,,
9703029840,Травматологический пункт ДГКБ им. З.А. Башляевой,doctors,doctor,,,,False,,,
9709133896,Медси,clinic,clinic,,,,False,,,
9711181976,Докдети,doctors,doctor,,,,False,,,
9717921169,Гемотест,doctors,laboratory,,,,False,,,
9718301177,KDL,doctors,laboratory,,,,False,,,
9718301178,KDL,doctors,laboratory,,,,False,,,
9718301179,KDL,doctors,laboratory,,,,False,,,
9718301190,KDL,doctors,laboratory,,,,False,,,
9718301191,KDL,doctors,laboratory,,,,False,,,
9718301197,KDL,doctors,laboratory,,,,False,,,
9718301198,KDL,doctors,laboratory,,,,False,,,
9718301200,KDL,doctors,laboratory,,,,False,,,
9718301213,KDL,doctors,laboratory,,,,False,,,
9718301215,KDL,doctors,laboratory,,,,False,,,
9718303825,KDL,doctors,laboratory,,,,False,,,
9718303826,KDL,doctors,laboratory,,,,False,,,
9718303827,KDL,doctors,laboratory,,,,False,,,
9718303829,KDL,doctors,laboratory,,,,False,,,
9718303830,KDL,doctors,laboratory,,,,False,,,
9723256188,CMD,doctors,laboratory,blood_check,Гудлаб,,False,,,
9735057427,Платный КВД,clinic,clinic,,,,False,,,
9737523805,АрхиМед,clinic,clinic,,,,False,,,
9741560213,Гемотест,doctors,laboratory,,,,False,,,
9741583417,Хеликс,doctors,doctor,,Хеликс,,False,,,
9741741001,Гемотест,doctors,laboratory,,,,False,,,
9743719360,Центр аллергологии им. Адо А.Д.,clinic,,,,,False,,,
9750312014,Брейн Клиник,clinic,clinic,neurology;neurophysiology;neuropsychiatry,,,False,,,
9750836814,Чайка,clinic,clinic,,,,False,,,
9756761466,МедЦентрСервис,clinic,clinic,,,,False,,,
9757195241,Exte,clinic,clinic,,,,False,,,
9757371517,Клиника варикоза,clinic,clinic,,,,False,,,
9759081069,Швейцарская университетская клиника,clinic,clinic,,,,False,,,
9775145236,Медпункт,doctors,,,,,False,,,
9779003152,Легамед,clinic,clinic,,,,False,,,
9797333341,Гемотест,doctors,laboratory,,,,False,,,
9798209416,Клиника здоровья суставов и позвоночника PlasmaPriority,clinic,clinic,,,,False,,,
9812197607,Медси,doctors,doctor,,,,False,,,
9813304046,Hide clinic,clinic,clinic,,,,False,,,
9819569556,AgeClinic,clinic,clinic,,,,False,,,
9828691749,Клиника Молодости,clinic,clinic,,,,False,,,
9830289669,One Clinic,clinic,,,,,False,,,
9856607068,Rehab family,clinic,clinic,,,,False,,,
9865991504,Labquest,doctors,laboratory,,,,False,,,
9865991505,Labquest,doctors,laboratory,,,,False,,,
9865991510,Labquest,doctors,laboratory,,,,False,,,
9865991511,Labquest,doctors,laboratory,,,,False,,,
9865991512,Labquest,doctors,laboratory,,,,False,,,
9865991513,Labquest,doctors,laboratory,,,,False,,,
9865991514,Labquest,doctors,laboratory,,,,False,,,
9865991515,Labquest,doctors,laboratory,,,,False,,,
9865991516,Labquest,doctors,laboratory,,,,False,,,
9866006117,Labquest,doctors,laboratory,,,,False,,,
9866006118,Labquest,doctors,laboratory,,,,False,,,
9866006119,Labquest,doctors,laboratory,,,,False,,,
9866006120,Labquest,doctors,laboratory,,,,False,,,
9866006121,LabQuest,doctors,laboratory,,,,False,,,
9866006129,Labquest,doctors,laboratory,,,,False,,,
9866006131,Labquest,doctors,laboratory,,,,False,,,
9866006132,Labquest,doctors,laboratory,,,,False,,,
9866006137,Labquest,doctors,laboratory,,,,False,,,
9866006138,LabQuest,doctors,laboratory,,,,False,,,
9866006139,Labquest,doctors,laboratory,,,,False,,,
9866970201,Инвитро,doctors,laboratory,,,,False,,,
9866970206,Инвитро,doctors,laboratory,,,,False,,,
9866970209,Инвитро,doctors,laboratory,,,,False,,,
9866970214,Инвитро,doctors,laboratory,,,,False,,,
9866970215,Инвитро,doctors,laboratory,,,,False,,,
9867034326,Инвитро,doctors,laboratory,,,,False,,,
9868431741,Меценат,clinic,clinic,,,,False,,,
9874137463,Поликлиника при НИИ урологии им. Сеченова,clinic,clinic,,,,True,,,
9881947643,Гемотест,doctors,laboratory,,,,False,,,
9888471411,ДНКом,doctors,laboratory,,,,False,,,
9896156967,Экомед,clinic,clinic,cardiology;ophthalmology;trauma;urology;surgery;endocrinology;gastroenterology;gynaecology;paediatrics;физиотерапия;neurology;гастроскопия;колоноскопия;orthopaedics,ООО МЦ ЭКОМЕД,public,False,,,
9897755718,Травматологический пункт,doctors,doctor,trauma,,,False,,,
9899509500,KDL,doctors,laboratory,,,,False,,,
9899509501,KDL,doctors,laboratory,,,,False,,,
9899509502,KDL,doctors,laboratory,,,,False,,,
9899509503,KDL,doctors,laboratory,,,,False,,,
9899509504,KDL,doctors,laboratory,,,,False,,,
9899776437,Shifa,clinic,clinic,orthodontics;general;dentist;paediatrics;dermatology;psychiatry;osteopathy;otolaryngology;covid19;cardiology;gynaecology;orthopaedics,,,False,,,
9899783023,"Консультационно - диагностический центр (КДЦ) ГБУЗ ""ГКБ №52 ДЗМ""",clinic,clinic,,,,False,,,
9899783024,Детская поликлиника №58 филиал №3,clinic,clinic,,,,True,,,
9900407041,Центр эндодиагностики и малоинвазивной хирургии,clinic,clinic,,,,False,,,
9905192741,Медэстет,clinic,,,,,False,,,
9907966260,Финист,clinic,clinic,,,,False,,,
9910450171,Молекула,clinic,clinic,plastic_surgery;surgery;cosmetic,,,False,,,
9938881761,Медпункт,doctors,,,,,False,,,
9944359552,РЖД-Медицина,clinic,,,,,False,,,
9944359553,РЖД-Медицина,clinic,clinic,,,,False,,,
9947258017,NovaScreen,doctors,laboratory,,,,False,,,
9965943331,Юсуповская больница,hospital,hospital,,,,False,,,
9966543817,Инвитро,doctors,laboratory,,,,False,,,
9972327707,LabQuest,doctors,laboratory,,,,False,,,
9974305577,Нео Вита,clinic,clinic,psychology;cosmetic;general;gynaecology;dermatology;osteopathy;physiotherapy,,,False,,,
9991044669,Гемотест,doctors,laboratory,,,,False,,,
10002122350,Гемотест,doctors,laboratory,,,,False,,,
10015203676,Helix,doctors,laboratory,,,,False,,,
10027575297,Мезодоктор,clinic,clinic,,,,False,,,
10028341316,Центр женского здоровья,clinic,clinic,,,,False,,,
10037736447,YourMed,clinic,clinic,,,,False,,,
10037736454,CMD,doctors,laboratory,,,,False,,,
10040202726,Гемотест,doctors,laboratory,,,,False,,,
10046800660,Семейный Доктор,doctors,doctor,,,,False,,,
10046800661,Семейный Доктор,doctors,doctor,,,,False,,,
10046800662,Семейный Доктор,doctors,,,,,False,,,
10059660027,Первый доктор,clinic,clinic,,,,False,,,
10061544759,KDL,doctors,laboratory,,,,False,,,
10061544761,KDL,doctors,laboratory,,,,False,,,
10073891747,Bodyo,doctors,doctor,,,,False,,,
10073891755,Remedy Lab,clinic,clinic,,,,False,,,
10080320209,Гемотест,doctors,laboratory,gynaecology;general,,,False,,,
10084647311,Детская поликлиника,clinic,clinic,,,,True,,,
10086975830,Экзомассаж,doctors,doctor,,,,False,,,
10092282277,Vita,doctors,doctor,,,,False,,,
10124081349,Корсаков,clinic,clinic,,,,False,,,
10131788489,Медси,clinic,clinic,,,,False,,,
10131788490,Медси,doctors,,,,,False,,,
10131789832,Медси,clinic,,,,,False,,,
10142327019,Md Lab,doctors,laboratory,,,,False,,,
10146889637,Клиника им. О.А.Кульневича,doctors,doctor,,,,False,,,
10172368188,Центральная клиника района Бибирево,clinic,clinic,,,,False,,,
10184018829,Городская поликлиника №5 филиал №2,clinic,clinic,,,,True,,,
10207933864,Гемотест,doctors,laboratory,,,,False,,,
10227837488,Центр подологии Юлии Миронихиной,clinic,clinic,,,,False,,,
10231769774,Podolux,doctors,doctor,,,,False,,,
10232684909,CMD,doctors,laboratory,,,,False,,,
10236660308,Центр амбулаторной онкологической помощи,clinic,clinic,oncology,Онкологическая больница №1,,False,,,
10249514375,Олмед здоровье,doctors,doctor,,,,False,,,
10270441094,H-Clinic,clinic,clinic,,,,False,,,
10281348006,Центр лечения ожирения,doctors,,,,,False,,,
10281348008,Медлаз,clinic,,,,,False,,,
10281368731,Hifu,doctors,,,,,False,,,
10281368755,Leo Beauty,clinic,,,,,False,,,
10281368802,Клиника МЦДК,clinic,,,,,False,,,
10295234109,Медси,clinic,,,,,False,,,
10296928183,ПрофиМед,clinic,,,,,False,,,
10305026520,CMD,doctors,laboratory,,,,False,,,
10554483527,Клиника Льва Рудина,clinic,,,,,False,,,
10570736652,Сириус,clinic,clinic,,,,False,,,
10570749372,МЦ Олимпия Мед,clinic,clinic,,,,False,,,
10576324764,МастерСлух,clinic,clinic,,,,False,,,
10576455118,Labnet,doctors,laboratory,,,,False,,,
10576455123,Labnet,doctors,laboratory,,,,False,,,
10607125788,Клиника доктора Трубникова,clinic,clinic,,,,False,,,
10609166973,Алкоклиник,clinic,clinic,narcology,Алкоклиник,,False,,,
10612687138,Медсервис,clinic,clinic,,,,False,,,
10618940143,Медлайн-Сервис,clinic,,,,,False,,,
10619063824,Медлайн-Сервис,clinic,clinic,,,,False,,,
10619090875,Медлайн-Сервис,clinic,,,,,False,,,
10619200337,Медлайн-Сервис,clinic,,,,,False,,,
10628561076,Центр восстановительной медицины,clinic,,,,,False,,,
10646591061,Клиника Фомина,clinic,clinic,,,,False,,,
10669515564,Пикассо,doctors,laboratory,diagnostic_radiology,,,False,,,
10669987879,Поликлиника.ру,clinic,,,,,True,,,
10669987880,Поликлиника.ру,clinic,,,,,True,,,
10669987881,Поликлиника.ру,clinic,,,,,True,,,
10677647629,CMD,doctors,laboratory,,,,False,,,
10679361856,Ситилаб,doctors,laboratory,,,,False,,,
10679361885,Estet'tika,clinic,clinic,,,,False,,,
10680320770,КДС Клиник,clinic,clinic,,,,False,,,
10722898561,К+31,clinic,,,,,False,,,
10722898562,К+31,clinic,,,,,False,,,
10722898576,К+31,clinic,,,,,False,,,
10722898583,Ecofamily,clinic,,,,,False,,,
10722898587,Бьюти парк,doctors,doctor,,,,False,,,
10722898595,К+31,clinic,,,,,False,,,
10722898656,МедЦентрСервис,clinic,,,,,False,,,
10722898657,МедЦентрСервис,clinic,,,,,False,,,
10722898658,МедЦентрСервис,clinic,,,,,False,,,
10722898665,МедЦентрСервис,clinic,clinic,,,,False,,,
10722898666,МедЦентрСервис,clinic,,,,,False,,,
10733941491,Горлаб,doctors,laboratory,,,,False,,,
10734977405,,doctors,,,,,False,,,
10746442306,Линия-жизнь,clinic,clinic,,,,False,,,
10748305962,VIP Clinic,clinic,,,,,False,,,
10749416195,Доктор Линз,clinic,clinic,,,,False,,,
10750050012,Клиника Восстановительной Неврологии,clinic,clinic,детская_неврология;лечение_бессоницы;лечение_мигрени;неврология;сдвг;центр_аутизм;центр_зпр,,,False,,,
10759127701,См-Косметология,doctors,doctor,,,,False,,,
10759564891,Abc-медицина,clinic,clinic,,,,False,,,
10759564893,Abc-медицина,clinic,clinic,,,,False,,,
10759564894,Abc-медицина,clinic,clinic,,,,False,,,
10759564895,Abc-медицина,clinic,clinic,,,,False,,,
10759564896,Abc-медицина,clinic,clinic,,,,False,,,
10759564897,Abc-медицина,clinic,clinic,,,,False,,,
10770404623,Medswiss,clinic,clinic,,,,False,,,
10777676613,Ситилаб,doctors,laboratory,,,,False,,,
10782675891,Helix,doctors,laboratory,,,,False,,,
10785052615,Гемотест,doctors,,,,,False,,,
10790460556,,doctors,doctor,,,,False,,,
10791178569,Ниармедик,clinic,clinic,,,,False,,,
10795479683,Анирмед,clinic,,,,,False,,,
10798045159,Наран,clinic,clinic,,,,False,,,
10810579366,Ситилаб,doctors,laboratory,,,,False,,,
10821758015,Центр превентивной диагностики и терапии,doctors,doctor,,,,False,,,
10823941791,Центр восстановительной медицины,doctors,doctor,,,,False,,,
10823941792,Ситилаб,doctors,doctor,,,,False,,,
10827526190,Helix,doctors,doctor,,,,False,,,
10827624650,Chromolab,doctors,doctor,,,,False,,,
10856536080,Клиника Доктора Бубновского,doctors,,,,,False,,,
10857968518,За рождение центр репродуктивного здоровья,clinic,clinic,,,,False,,,
10858842573,Мир,doctors,,,,,False,,,
10861024545,Здоровая Москва,doctors,,,,,False,,,
10864953428,Докмед,doctors,doctor,,,,False,,,
10880893307,Горлаб,doctors,laboratory,,,,False,,,
10882957126,Гемотест,doctors,laboratory,,,,False,,,
10887410891,UniКлиник,clinic,clinic,,,,False,,,
10897280928,Андромед,clinic,clinic,gynaecology;urology,Андромед,,False,,,
10897280931,Ситилаб,doctors,laboratory,biochemistry;blood_check,СИТИЛАБ,,False,,,
10909363632,ДолгоЛетМед,doctors,alternative,osteopathy;reflexology,,,False,,,
10916643854,Центр проблемной стопы,doctors,doctor,orthopaedics,,,False,,,
10917557630,ПланетаМед,clinic,clinic,neurology,,,False,,,
10919724343,ДНКом,doctors,laboratory,,,,False,,,
10928178338,СМ-Клиника,clinic,,,,,False,,,
10928178339,СМ-Клиника,clinic,,,,,False,,,
10928178340,СМ-Клиника,clinic,,,,,False,,,
10928178342,СМ-Клиника,clinic,clinic,,,,False,,,
10928178344,СМ-Клиника,clinic,,,,,False,,,
10928215213,Центр доктора Бубновского,doctors,,,,,False,,,
10928215214,Центр доктора Бубновского,doctors,,,,,False,,,
10956668450,ПРМО,doctors,doctor,,,,False,,,
10977220397,LabQuest,doctors,laboratory,blood_check,,,False,,,
10984913605,Мир здоровья,clinic,clinic,,,,False,,,
10984913608,,clinic,clinic,,,,False,,,
10996192594,Герпетический центр на Гримау,clinic,clinic,dermatology,,,False,,,
11006924855,ПРМО,doctors,doctor,,,,False,,,
11007705953,ЦМРТ,clinic,clinic,,,,False,,,
11007705954,СМ-Клиника,clinic,,,,,False,,,
11007705956,СМ-Клиника,clinic,,,,,False,,,
11007705957,СМ-Клиника,clinic,,,,,False,,,
11007705960,СМ-Клиника,clinic,,,,,False,,,
11007705962,СМ-Клиника,clinic,,,,,False,,,
11007705963,СМ-Клиника,clinic,,,,,False,,,
11007705964,СМ-Клиника,clinic,,,,,False,,,
11007705965,ЦМРТ,clinic,clinic,,,,False,,,
11007705966,ЦМРТ,clinic,clinic,,,,False,,,
11007737677,Инвитро,doctors,laboratory,,,,False,,,
11007737678,Инвитро,doctors,laboratory,,,,False,,,
11007737690,Инвитро,doctors,laboratory,,,,False,,,
11007763121,Инвитро,doctors,laboratory,,,,False,,,
11007763125,Инвитро,doctors,laboratory,,,,False,,,
11007763126,Инвитро,doctors,laboratory,,,,False,,,
11007763138,Инвитро,doctors,laboratory,,,,False,,,
11007763146,Инвитро,doctors,laboratory,,,,False,,,
11007763163,Инвитро,doctors,laboratory,,,,False,,,
11010612717,ПРМО,doctors,doctor,,,,False,,,
11014733850,Helix,doctors,laboratory,blood_check;clinical_pathology;biology,Helix,,False,,,
11015391606,Мы и дети,doctors,,,,,False,,,
11048942499,CMD,doctors,laboratory,,,,False,,,
11053066015,Инвитро,doctors,laboratory,,,,False,,,
11053066027,Инвитро,doctors,laboratory,,,,False,,,
11053066055,Инвитро,doctors,laboratory,,,,False,,,
11053066059,Инвитро,doctors,laboratory,,,,False,,,
11053066063,Инвитро,doctors,laboratory,,,,False,,,
11053066076,Инвитро,doctors,laboratory,,,,False,,,
11053066084,Инвитро,doctors,laboratory,,,,False,,,
11053066101,Инвитро,doctors,laboratory,,,,False,,,
11071976112,Люди,clinic,clinic,,,,False,,,
11072646310,Центр Подологии,doctors,,,,,False,,,
11076703506,Стеллар Бьюти Клиник,doctors,,,,,False,,,
11083587542,Шанс,doctors,,,,,False,,,
11083589899,Cortex,clinic,,,,,False,,,
11083589904,Ready Medical,doctors,,,,,False,,,
11083605311,Центр нейропсихологии и коррекции речи,doctors,,,,,False,,,
11083605353,Врачи Рядом,doctors,,,,,False,,,
11083605360,Медикал Детокс,doctors,,,,,False,,,
11083605362,Кабинет Спирина С.А.,doctors,,,,,False,,,
11083605372,3z,clinic,clinic,,,,False,,,
11085235143,LabQuest,doctors,laboratory,,,,False,,,
11100066127,Центр лабораторных исследований,doctors,laboratory,,,,False,,,
11104707509,KDL,doctors,laboratory,,,,False,,,
11104707510,KDL,doctors,laboratory,,,,False,,,
11104707511,KDL,doctors,laboratory,,,,False,,,
11104707515,KDL,doctors,laboratory,,,,False,,,
11104707524,KDL,doctors,laboratory,,,,False,,,
11104707525,KDL,doctors,laboratory,,,,False,,,
11104707526,KDL,doctors,laboratory,,,,False,,,
11104707528,KDL,doctors,laboratory,,,,False,,,
11104707529,KDL,doctors,laboratory,,,,False,,,
11104707530,KDL,doctors,laboratory,,,,False,,,
11104707531,KDL,doctors,laboratory,,,,False,,,
11104707532,KDL,doctors,laboratory,,,,False,,,
11104707533,KDL,doctors,laboratory,,,,False,,,
11104707534,KDL,doctors,laboratory,,,,False,,,
11104707538,KDL,doctors,laboratory,,,,False,,,
11104707539,KDL,doctors,laboratory,,,,False,,,
11104707540,KDL,doctors,laboratory,,,,False,,,
11104707541,KDL,doctors,laboratory,,,,False,,,
11104707542,KDL,doctors,laboratory,,,,False,,,
11104707543,KDL,doctors,laboratory,,,,False,,,
11104707544,KDL,doctors,laboratory,,,,False,,,
11104707545,KDL,doctors,laboratory,,,,False,,,
11104707546,KDL,doctors,laboratory,,,,False,,,
11104707547,KDL,doctors,laboratory,,,,False,,,
11104707548,KDL,doctors,laboratory,,,,False,,,
11104707549,KDL,doctors,laboratory,,,,False,,,
11104707550,KDL,doctors,laboratory,,,,False,,,
11104707551,KDL,doctors,laboratory,,,,False,,,
11104707553,KDL,doctors,laboratory,,,,False,,,
11104707554,KDL,doctors,laboratory,,,,False,,,
11104707555,KDL,doctors,laboratory,,,,False,,,
11104707556,KDL,doctors,laboratory,,,,False,,,
11104707557,KDL,doctors,laboratory,,,,False,,,
11104735062,Гемотест,doctors,laboratory,,,,False,,,
11118695969,ПРМО Митино,doctors,doctor,,,,False,,,
11128430748,СОГАЗ поликлиника,clinic,clinic,,"ООО ""Согаз-Медсервис""",,True,,,
11147915835,Центр речи Ларисы Андрахановой,doctors,doctor,,,,False,,,
11147915836,Центр речи Ларисы Андрахановой,doctors,,,,,False,,,
11147915837,Стелс Реабил,clinic,,,,,False,,,
11159472366,Медицинский пункт,doctors,,,,,False,,,
11161936640,,clinic,clinic,,,,False,,,
11162489286,Demed,clinic,clinic,,,,False,,,
11165878408,"Детская поликлиника №69, филиал №2",clinic,clinic,paediatrics,,government,True,,,
11165956645,Психоневрологический диспансер №13,clinic,clinic,psychiatry;psychotherapist,Департамент здравоохранения города Москвы,government,False,,,
11173806059,Мультимед,clinic,clinic,,,,False,,,
11189662984,Амбулатория,clinic,clinic,,,,False,,,
11190155653,CMD,doctors,laboratory,,,,False,,,
11191652834,Виватон,clinic,clinic,,,,False,,,
11195572328,,clinic,clinic,,,,False,,,
11202742352,Premium med,clinic,clinic,,,,False,,,
11202742368,Helms,clinic,clinic,,,,False,,,
11203518588,Seline,clinic,clinic,,,,False,,,
11208630346,Клиника гнатологии,clinic,,,,,False,,,
11226875776,CMD,doctors,laboratory,,,,False,,,
11227994351,СанМед-Восток,clinic,,,СанМед-Восток,,False,,,
11238718761,Айза-МЕД,clinic,centre,,,,False,,,
11243975731,Профтранс,clinic,clinic,,,,False,,,
11251852037,Милосердие,clinic,rehabilitation,,,,False,,,
11255071981,Nudebar,clinic,,,,,False,,,
11261229013,Laboratoires de genie,doctors,laboratory,,,,False,,,
11264433095,Наздоровье,doctors,doctor,,,,False,,,
11266901721,Клиника амбулаторной микрохирургии глаза,clinic,clinic,,,,False,,,
11281919760,Hair for ever,clinic,,,,,False,,,
11288555891,ЗдравКлиник,clinic,,,,,False,,,
11288555892,ЗдравКлиник,clinic,,,,,False,,,
11288555893,ЗдравКлиник,clinic,clinic,,,,False,,,
11288555894,ЗдравКлиник,clinic,,,,,False,,,
11288555895,ЗдравКлиник,clinic,,,,,False,,,
11288555896,ЗдравКлиник,clinic,,,,,False,,,
11295030435,Dr. Zubareva,clinic,clinic,,,,False,,,
11300897625,Frau Klinik,clinic,clinic,plastic_surgery;gynaecology;stomatology;otolaryngology;gastroenterology,,,False,,,
11303992052,СМ-Клиника,clinic,,,,,False,,,
11304357749,Ormas,doctors,doctor,,,,False,,,
11335355284,Окно возможностей,clinic,clinic,,,,False,,,
11337307514,Центр Дикуля,clinic,clinic,orthopaedics,,,False,,,
11346055025,Центр Психологической Поддержки,doctors,psychotherapist,,,,False,,,
11348696378,Хеликс,doctors,doctor,,Хеликс,,False,,,
11361916294,Red Clinic,doctors,doctor,plastic_surgery,,,False,,,
11362017897,LabQuest,doctors,laboratory,,,,False,,,
11371729801,Институт лечения боли,clinic,clinic,,,,False,,,
11375168711,АБВ,doctors,laboratory,,,,False,,,
11381429412,Детская городская поликлиника № 86. Филиал № 3,clinic,clinic,,,,True,,,
11381429413,Консультативно-диагностический центр № 6. ​Филиал № 6,clinic,clinic,,,,False,,,
11385539795,Медцентр Западный,clinic,clinic,,,,False,,,
11396827062,Псориаз-премиум,clinic,,,,,False,,,
11397607255,Горлаб,doctors,laboratory,,,,False,,,
11397607256,Горлаб,doctors,laboratory,,,,False,,,
11397607257,Горлаб,doctors,laboratory,,,,False,,,
11397607260,Горлаб,doctors,laboratory,,,,False,,,
11397607261,Горлаб,doctors,laboratory,,,,False,,,
11397607262,Горлаб,doctors,laboratory,,,,False,,,
11397607263,Горлаб,doctors,laboratory,,,,False,,,
11397639130,Будь Здоров,clinic,clinic,,,,False,,,
11397656954,Temed,clinic,clinic,,,,False,,,
11397656955,Temed,clinic,clinic,,,,False,,,
11397656956,Temed,clinic,clinic,,,,False,,,
11397656957,Temed,clinic,clinic,,,,False,,,
11397699352,См-Клиника,clinic,,,,,False,,,
11403610219,,clinic,rehabilitation,,,,False,,,
11414407421,Пикассо,doctors,laboratory,diagnostic_radiology,,,False,,,
11414407422,Пикассо,doctors,laboratory,diagnostic_radiology,,,False,,,
11414407423,Пикассо,doctors,laboratory,diagnostic_radiology,,,False,,,
11414407424,Пикассо,doctors,laboratory,diagnostic_radiology,,,False,,,
11414407427,Пикассо,doctors,laboratory,diagnostic_radiology,,,False,,,
11414416591,Пикассо,doctors,laboratory,diagnostic_radiology,,,False,,,
11414416594,Пикассо,doctors,laboratory,diagnostic_radiology,,,False,,,
11414416601,Пикассо,doctors,laboratory,diagnostic_radiology,,,False,,,
11414416603,Пикассо,doctors,laboratory,diagnostic_radiology,,,False,,,
11414416610,Пикассо,doctors,laboratory,diagnostic_radiology,,,False,,,
11414416611,Пикассо,doctors,laboratory,diagnostic_radiology,,,False,,,
11414416612,Пикассо,doctors,laboratory,diagnostic_radiology,,,False,,,
11414416614,Пикассо,doctors,laboratory,diagnostic_radiology,,,False,,,
11414416615,Пикассо,doctors,laboratory,diagnostic_radiology,,,False,,,
11414416616,Пикассо,doctors,laboratory,diagnostic_radiology,,,False,,,
11414416618,Пикассо,doctors,laboratory,diagnostic_radiology,,,False,,,
11414416619,Пикассо,doctors,laboratory,diagnostic_radiology,,,False,,,
11414416620,Пикассо,doctors,laboratory,diagnostic_radiology,,,False,,,
11414416621,Пикассо,doctors,laboratory,diagnostic_radiology,,,False,,,
11414416622,Пикассо,doctors,laboratory,diagnostic_radiology,,,False,,,
11414416623,Пикассо,doctors,laboratory,diagnostic_radiology,,,False,,,
11414416624,Пикассо,doctors,laboratory,diagnostic_radiology,,,False,,,
11414416625,Пикассо,doctors,laboratory,diagnostic_radiology,,,False,,,
11414416626,Пикассо,doctors,laboratory,diagnostic_radiology,,,False,,,
11414416627,Пикассо,doctors,laboratory,diagnostic_radiology,,,False,,,
11414416628,Пикассо,doctors,laboratory,diagnostic_radiology,,,False,,,
11414416629,Пикассо,doctors,laboratory,diagnostic_radiology,,,False,,,
11414416630,Пикассо,doctors,laboratory,diagnostic_radiology,,,False,,,
11414416631,Пикассо,doctors,laboratory,diagnostic_radiology,,,False,,,
11414416632,Пикассо,doctors,laboratory,diagnostic_radiology,,,False,,,
11414416633,Пикассо,doctors,laboratory,diagnostic_radiology,,,False,,,
11414416634,Пикассо,doctors,laboratory,diagnostic_radiology,,,False,,,
11414416635,Пикассо,doctors,laboratory,diagnostic_radiology,,,False,,,
11414416636,Пикассо,doctors,laboratory,diagnostic_radiology,,,False,,,
11414416637,Пикассо,doctors,laboratory,diagnostic_radiology,,,False,,,
11414416638,Пикассо,doctors,laboratory,diagnostic_radiology,,,False,,,
11414416639,Пикассо,doctors,laboratory,diagnostic_radiology,,,False,,,
11414416640,Пикассо,doctors,laboratory,diagnostic_radiology,,,False,,,
11414416641,Пикассо,doctors,laboratory,diagnostic_radiology,,,False,,,
11414416642,Пикассо,doctors,laboratory,diagnostic_radiology,,,False,,,
11414416643,Пикассо,doctors,laboratory,diagnostic_radiology,,,False,,,
11414416644,Пикассо,doctors,laboratory,diagnostic_radiology,,,False,,,
11414416645,Пикассо,doctors,laboratory,diagnostic_radiology,,,False,,,
11414416647,Пикассо,doctors,laboratory,diagnostic_radiology,,,False,,,
11414416648,Пикассо,doctors,laboratory,diagnostic_radiology,,,False,,,
11414416649,Пикассо,doctors,laboratory,diagnostic_radiology,,,False,,,
11414416650,Пикассо,doctors,laboratory,diagnostic_radiology,,,False,,,
11414416651,Пикассо,doctors,laboratory,diagnostic_radiology,,,False,,,
11414416652,Пикассо,doctors,laboratory,diagnostic_radiology,,,False,,,
11414416653,Пикассо,doctors,laboratory,diagnostic_radiology,,,False,,,
11414416654,Пикассо,doctors,laboratory,diagnostic_radiology,,,False,,,
11414416655,Пикассо,doctors,laboratory,diagnostic_radiology,,,False,,,
11414416656,Пикассо,doctors,laboratory,diagnostic_radiology,,,False,,,
11414416657,Пикассо,doctors,laboratory,diagnostic_radiology,,,False,,,
11414416658,Пикассо,doctors,laboratory,diagnostic_radiology,,,False,,,
11414416659,Пикассо,doctors,laboratory,diagnostic_radiology,,,False,,,
11414416660,Пикассо,doctors,laboratory,diagnostic_radiology,,,False,,,
11414416661,Пикассо,doctors,laboratory,diagnostic_radiology,,,False,,,
11414416664,Пикассо,doctors,laboratory,diagnostic_radiology,,,False,,,
11414416666,Пикассо,doctors,laboratory,diagnostic_radiology,,,False,,,
11414416667,Пикассо,doctors,laboratory,diagnostic_radiology,,,False,,,
11414416669,Пикассо,doctors,laboratory,diagnostic_radiology,,,False,,,
11414416670,Пикассо,doctors,laboratory,diagnostic_radiology,,,False,,,
11422769730,ЛОР-центр,clinic,clinic,otolaryngology,,,False,,,
11427325724,Real Clinic,clinic,clinic,,,,False,,,
11444182701,Региональный Центр Профилактической Медицины,clinic,clinic,,,,False,,,
11451533211,Столица,clinic,clinic,,,,False,,,
11451836659,ДНКОМ,doctors,laboratory,,,,False,,,
11481235085,Гемотест,doctors,laboratory,,,,False,,,
11482410974,GoodLife,clinic,clinic,,,,False,,,
11482411020,Атлас эффект,doctors,,,,,False,,,
11482411023,+1,clinic,,,,,False,,,
11483313326,Виталмед,clinic,clinic,,,,False,,,
11492902157,Гемотест,doctors,laboratory,,,,False,,,
11505302832,Женская консультация №6,clinic,clinic,,,,False,,,
11526519012,Мединнова,clinic,clinic,dermatology,"ООО ""Клиника медицинских инноваций Доктора Полева ""МЕДИННОВА""",,False,,,
11526647472,Диагностиqа,clinic,clinic,radiology,,,False,,,
11573889198,МАК ЭКО,clinic,clinic,urology;gynaecology;diagnostic_radiology;fertility,,,False,,,
11576815973,Эндомедлаб,doctors,laboratory,,,,False,,,
11577474281,Психоаналитический психотерапевт Вадим Гончаров,doctors,psychotherapist,behavior;depth;systemic,,,False,,,
11582401742,Solle,clinic,clinic,,,,False,,,
11590270850,Клиника кожи,clinic,clinic,dermatology,,,False,,,
11592649634,Благо,clinic,clinic,,,,False,,,
11594091130,Инвитро,doctors,laboratory,,,,False,,,
11594091131,Инвитро,doctors,laboratory,,,,False,,,
11594091134,Инвитро,doctors,laboratory,,,,False,,,
11594091138,Инвитро,doctors,laboratory,,,,False,,,
11594121751,Ситилаб,doctors,laboratory,,,,False,,,
11594121756,Ситилаб,doctors,laboratory,,,,False,,,
11594121757,Ситилаб,doctors,laboratory,,,,False,,,
11594121758,Ситилаб,doctors,laboratory,,,,False,,,
11594121759,Ситилаб,doctors,laboratory,,,,False,,,
11594121761,Ситилаб,doctors,laboratory,,,,False,,,
11594121762,Ситилаб,doctors,laboratory,,,,False,,,
11594121763,Ситилаб,doctors,laboratory,,,,False,,,
11594121764,Ситилаб,doctors,laboratory,,,,False,,,
11594121765,Ситилаб,doctors,laboratory,,,,False,,,
11594121767,Ситилаб,doctors,laboratory,,,,False,,,
11594121768,Центр терапевтической офтальмологии,doctors,laboratory,ophthalmology,,,False,,,
11594126269,Ситилаб,doctors,laboratory,,,,False,,,
11594126270,Ситилаб,doctors,laboratory,,,,False,,,
11594126271,Ситилаб,doctors,laboratory,,,,False,,,
11594126272,Ситилаб,doctors,laboratory,,,,False,,,
11594126273,Ситилаб,doctors,laboratory,,,,False,,,
11594126276,Ситилаб,doctors,laboratory,,,,False,,,
11594126277,Ситилаб,doctors,laboratory,,,,False,,,
11594126278,Ситилаб,doctors,laboratory,,,,False,,,
11594126280,Ситилаб,doctors,laboratory,,,,False,,,
11594126282,Ситилаб,doctors,laboratory,,,,False,,,
11594126284,Ситилаб,doctors,laboratory,,,,False,,,
11594126308,Ситилаб,doctors,laboratory,,,,False,,,
11616212948,PodoFocus,clinic,clinic,podiatry;orthopaedics,,,False,,,
11635671420,Клиника Академии им Ю.Н.Касаткина,clinic,clinic,,,,False,,,
11638904771,КДО,clinic,clinic,,,,False,,,
11639077663,,doctors,doctor,podiatry,,,False,,,
11645080712,Prime System Clinic,clinic,,,,,False,,,
11674203161,Нарколог Плюс,clinic,clinic,narcology,"ООО ""Нарколог Плюс""",,False,,,
11687942360,Гемотест,clinic,clinic,,,,False,,,
11687976740,Доктор профи,clinic,clinic,,,,False,,,
11690611387,"Детская городская поликлиника № 81, филиал № 4",clinic,clinic,,,public,True,,,
11691861355,CMD,doctors,laboratory,biology,"ООО ""Клиника ДК""",,False,,,
11696599931,Ножкин доктор,doctors,,,,,False,,,
11696599932,Ножкин доктор,doctors,,,,,False,,,
11696599935,Каллидус,doctors,,,,,False,,,
11696825929,Пикассо,doctors,laboratory,diagnostic_radiology,,,False,,,
11698385844,Филиал № 7 ГАУЗ МНПЦ МРВСМ им. С. И. Спасокукоцкого ДЗМ,clinic,,,,,False,,,
11699777125,Клятва Гиппократа,clinic,clinic,,,,False,,,
11700916369,Акупунктура.РФ,doctors,doctor,acupuncture,,,False,,,
11701409743,Мед-амулет,clinic,clinic,,,,False,,,
11712191062,Гемотест,doctors,laboratory,,,,False,,,
11727699034,Офтальмологическая клиника доктора Самойленко,doctors,doctor,ophthalmology,,,False,,,
11745971102,Поликлиника №66,clinic,clinic,,,,True,,,
11749030313,Областной центр флебологии,doctors,,,,,False,,,
11751804614,,doctors,psychotherapist,,,,False,,,
11751804634,"Мама, я вижу",clinic,clinic,ophthalmology,"ООО ""АСКОМ""",,False,,,
11755753258,Helix,doctors,laboratory,,,,False,,,
11760867029,Biogena,clinic,clinic,,,,False,,,
11760916648,Оптимед,clinic,clinic,,,,False,,,
11768449682,Ниармедик,clinic,clinic,,,,False,,,
11768746436,Медси,clinic,clinic,,,,False,,,
11774985653,Clean Clinic,clinic,clinic,,,,False,,,
11780110794,Артемида,clinic,clinic,,,,False,,,
11792049664,Нейроcпектр,clinic,clinic,,,,False,,,
11792055911,Нейроcпектр,clinic,clinic,,,,False,,,
11801866773,CMD,doctors,laboratory,,,,False,,,
11804979177,Семерида,clinic,,,,,False,,,
11809675936,Genotek,doctors,laboratory,,,,False,,,
11813507194,Клиника Николая Доценко,clinic,clinic,gynaecology;paediatric_surgery;urology,,,False,,,
11816610195,Днком,doctors,laboratory,,,,False,,,
11822806534,Бьюти лайн,clinic,clinic,,,,False,,,
11822889755,Elita Clinic,clinic,,,,,False,,,
11822949071,Mirum,clinic,,,,,False,,,
11824535307,Expert Clinics,doctors,doctor,,,,False,,,
11832910347,"ДГП 11 ДЗМ, Филиал 2",clinic,clinic,paediatrics,Департамент Здравоохранения города Москвы,government,False,,,
11833044547,Психоневрологический диспансер № 23,clinic,clinic,psychiatry,Департамент здравоохранения города Москвы,government,False,,,
11843566045,Инвитро,doctors,laboratory,,,,False,,,
11843566052,Инвитро,doctors,laboratory,,,,False,,,
11843797405,Скайферт,clinic,,,,,False,,,
11843797447,Медицина,doctors,,,,,False,,,
11850811772,Medelect,clinic,clinic,,,,False,,,
11868380311,Московский городской центр реабилитации,clinic,rehabilitation,,,,False,,,
11921176155,Психиатрическая клиника Василия Шурова,clinic,clinic,,,,False,,,
11926441934,LaserCare,doctors,doctor,dermatology,,,False,,,
11926989790,Медси,clinic,clinic,multi,,,False,,,
11958118158,Пластический хирург Караханян И.М,clinic,,,,,False,,,
11958161969,Кабинет психолога Елены Моргуновой,doctors,doctor,,,,False,,,
11958415389,Мать и дитя,clinic,clinic,,,,False,,,
11958415390,Мать и дитя,clinic,clinic,,,,False,,,
11958415392,Зиларт,clinic,clinic,,,,False,,,
11958415393,Мать и дитя,clinic,clinic,,,,False,,,
11958415394,Мать и дитя,clinic,clinic,,,,False,,,
11999151708,ЦИАМ им. Баранова,clinic,clinic,,,,False,,,
12006750487,DocLaser,doctors,doctor,dermatology;gynaecology,,,False,,,
12035521965,МираСпорт,clinic,,,,,False,,,
12035788377,Медсоюз,clinic,,,,,False,,,
12035788406,Аспирин,clinic,clinic,,,,False,,,
12036196002,Lazer Jazz,clinic,clinic,,,,False,,,
12042544824,New Vision,clinic,,,,,False,,,
12045333251,Центр Подологии,doctors,,,,,False,,,
12045333253,СМ-Клиника,clinic,,,,,False,,,
12045333255,Центр Подологии,doctors,,,,,False,,,
12047467769,CMD,doctors,laboratory,,,,False,,,
12059265111,Миранмед,doctors,,,,,False,,,
12059265122,СпортФизиоЛайф,doctors,,,,,False,,,
12068690112,регистратура,hospital,hospital,,Научно-исследовательский клинический институт оториноларингологии имени Л. И. Свержевского,,False,,,
12068690114,​Лечебно-диагностический корпус,hospital,hospital,,Онкологическая больница №1,,False,,,
12068690115,​Приемное отделение,hospital,hospital,,Онкологическая больница №1,,False,,,
12077460269,Медтокс,clinic,,,,,False,,,
12079980647,З.О.В.,,doctor,,,,False,,,
12095571967,GM Clinic,doctors,doctor,,,,False,,,
12100539225,,clinic,clinic,,,,False,,,
12101053971,Поликлиника рядом,clinic,clinic,,,,True,,,
12103134780,Мед. клиника гинекологии и урологии,clinic,clinic,,,,False,,,
12115340980,Yahmur Space,clinic,clinic,,,,False,,,
12118237973,Красногорская больница. Взрослая поликлиника № 5,clinic,clinic,,,,True,,,
12118237974,Красногорская больница. Детская поликлиника № 5,clinic,clinic,,,,True,,,
12118237977,Красногорская больница. Взрослая поликлиника № 3,clinic,clinic,,,,True,,,
12118237984,Красногорская больница. Детская поликлиника № 3,clinic,clinic,,,,True,,,
12118577267,Студия педикюра и подологии Татьяны Серёгиной,doctors,doctor,,,,False,,,
12118661826,НВ-Медика,clinic,clinic,,,,False,,,
12120088126,Белтико,clinic,clinic,,,,False,,,
12120726265,Медси,clinic,clinic,,,,False,,,
12123881545,Центр нейрореабилитации Brt,clinic,,,,,False,,,
12127727520,,doctors,doctor,,,,False,,,
12129014501,Гемотест,doctors,laboratory,,,,False,,,
12137002601,ФГБНУ «МГНЦ им. Н.П. Бочкова»,hospital,laboratory,,,,False,,,
12137002602,ФГБУ «НМИЦ эндокринологии» Минздрава России (ЭНЦ),hospital,,,,,False,,,
12142716416,Endentica,clinic,clinic,,,,False,,,
12158643947,Хеликс,doctors,laboratory,,Helix,,False,,,
12169869398,Инвитро,doctors,laboratory,,,,False,,,
12169889625,Инвитро,doctors,laboratory,,,,False,,,
12169889627,Инвитро,doctors,laboratory,,,,False,,,
12169889628,Инвитро,doctors,laboratory,,,,False,,,
12172581579,Alёna Premium Aesthetic,clinic,clinic,,,,False,,,
12173692489,Детская городская поликлиника № 11,clinic,clinic,,,,True,,,
12182902642,Авиценна Хиджама,clinic,clinic,,,,False,,,
12186393305,Hair & Skin,clinic,clinic,,,,False,,,
12188233671,Skinerica,clinic,,,,,False,,,
12190262225,Delete,clinic,clinic,dermatology,,,False,,,
12197014842,BrainOn,clinic,,,,,False,,,
12198984502,ДокторПроф,doctors,clinic,gynaecology;neurology;urology,"ООО ""Медицина""",,False,,,
12213526424,"Поликлиника № 107, филиал № 3",clinic,clinic,,Департамент Здравоохранения города Москвы,government,True,,,
12215917194,Ясный взор,clinic,,,,,False,,,
12215917195,Ясный взор,clinic,,,,,False,,,
12215917197,Ясный взор,clinic,clinic,,,,False,,,
12215917198,Ясный взор,clinic,,,,,False,,,
12215917199,Ясный взор,clinic,,,,,False,,,
12234581203,Студия реабилитации Андрея Галкина,doctors,doctor,osteopathy,,,False,,,
12236419785,Здоровье души,doctors,,,,,False,,,
12257693802,Сколиолоджик МСК,clinic,,,,,False,,,
12279033222,Medok,clinic,clinic,gynaecology,,private,False,,,
12290330476,Поликлиника,clinic,clinic,,,,True,,,
12298890617,Медлайн-Сервис,clinic,,,,,False,,,
12298890618,Медлайн-Сервис,clinic,,,,,False,,,
12318376371,Гладкое тело,clinic,clinic,,,,False,,,
12318376374,Здоровая система,clinic,clinic,,,,False,,,
12318376396,КосмоВита,clinic,clinic,,,,False,,,
12320085043,Белтико,clinic,,,,,False,,,
12320085044,Mesoreal,clinic,,,,,False,,,
12325664579,ДНКОМ,doctors,laboratory,,,,False,,,
12330602086,Institute,clinic,,,,,False,,,
12333434042,Городская поликлиника №212 филиал №6,clinic,clinic,,,,True,,,
12371592576,СитиКлиник,doctors,doctor,,,,False,,,
12372367109,Красногорская городская больница. Противотуберкулезное отделение,clinic,clinic,,,,False,,,
12392616589,Клиника тазовой боли профессора Михаила Шарова,clinic,clinic,neurology;urology;gynaecology;cardiology;endocrinology;rheumatology;trauma;orthopaedics,,,False,,,
12394748310,Многофункциональный логопедический кабинет Ксении Семичасновой,doctors,speech_therapist,,,,False,,,
12444699966,NBMC,clinic,,,,,False,,,
12451815331,Гимед,clinic,centre,,,,False,,,
12452885610,Abc-медицина,clinic,,,,,False,,,
12452885611,Abc-медицина,clinic,,,,,False,,,
12452918019,Ситилаб,doctors,laboratory,,,,False,,,
12452918026,Ситилаб,doctors,laboratory,,,,False,,,
12452918035,Ситилаб,doctors,laboratory,,,,False,,,
12452918036,Ситилаб,doctors,laboratory,,,,False,,,
12458455684,Кордия,doctors,doctor,,,,False,,,
12469779873,Клиника Данищука,clinic,clinic,plastic_surgery,,,False,,,
12480698964,CMD,doctors,laboratory,,,,False,,,
12480698965,CMD,doctors,laboratory,,,,False,,,
12483982093,Ясный взор,clinic,,,,,False,,,
12488155976,Клиника профессора Калинченко,clinic,,,,,False,,,
12488251063,СкороМед,clinic,,,,,False,,,
12492080401,Кругозор,doctors,,,,,False,,,
12493929533,Материа Медика,clinic,clinic,,,,False,,,
12493929556,Подолог Светлана Раевская,doctors,doctor,podiatry,,,False,,,
12497080709,Imma,clinic,clinic,,,,False,,,
12497712001,Травмпункт,doctors,,,,,False,,,
12498024241,Faranur,clinic,clinic,,,,False,,,
12501962142,ABC,clinic,clinic,gynaecology;dermatology;urology;gastroenterology;otolaryngology;neurology;stomatology;cardiology;endocrinology;surgery,,,False,,,
12509050302,LabQuest,doctors,laboratory,,,,False,,,
12518078170,Dr. Sense,clinic,,,,,False,,,
12522467085,Флорист-Мед,clinic,clinic,,,,False,,,
12529340762,Topclinic,clinic,,,,,False,,,
12529465090,Медицина столицы,clinic,clinic,,,,False,,,
12543530437,Аксиома,clinic,,,,,False,,,
12558443760,KDL,doctors,laboratory,,,,False,,,
12566498265,Когнитив-Плюс,clinic,clinic,,,,False,,,
12581516673,Инвитро,doctors,laboratory,,,,False,,,
12581516686,Инвитро,doctors,laboratory,,,,False,,,
12581516693,Инвитро,doctors,laboratory,,,,False,,,
12581516694,Инвитро,doctors,laboratory,,,,False,,,
12581516698,Инвитро,doctors,laboratory,,,,False,,,
12581555230,Abc-Медицина,clinic,,,,,False,,,
12581558711,Пикассо,doctors,laboratory,,,,False,,,
12581558713,Пикассо,doctors,laboratory,,,,False,,,
12581558715,Пикассо,doctors,laboratory,,,,False,,,
12581558719,Пикассо,doctors,laboratory,,,,False,,,
12583130895,Центр здоровья глаз,doctors,doctor,,,,False,,,
12599400478,Plasmist of beauty,clinic,,,,,False,,,
12600040216,Медик групп,doctors,,,,,False,,,
12621267905,Москва-Мед,clinic,clinic,,,,False,,,
12625702114,МедКом,,doctor,,,,False,,,
12631445428,Клиника Роса на Сухаревской,clinic,clinic,psychiatry;neurology;behavior,,,False,,,
12638378950,Нимфейс,clinic,clinic,dermatology,,,False,,,
12666427941,Мать и дитя,clinic,clinic,,,,False,,,
12681036731,СМ-Клиника,clinic,,,,,False,,,
12722483481,Медлабцентр,hospital,hospital,occupational,,,False,,,
12747408616,estee clinic,doctors,,dermatology,,,False,,,
12759227945,Пикассо,doctors,laboratory,,,,False,,,
12762921302,Гимед (медкомиссия в ГИБДД),clinic,,,,,False,,,
12802373520,Армида,clinic,,,,,False,,,
12804405608,Орто Мед классик,doctors,doctor,orthopaedics,,,False,,,
12809312181,МНЦ Равновесие,clinic,,,,,False,,,
12814617437,Психология счастья,clinic,counselling,psychiatry;physiotherapy;child_psychiatry;depth,,,False,,,
12816538280,Клиника Фомина,clinic,,,,,False,,,
12816538281,Клиника Фомина,clinic,,,,,False,,,
12816538282,Клиника Фомина,clinic,,,,,False,,,
12816538283,Клиника Фомина,clinic,,,,,False,,,
12847139940,LabQuest,doctors,laboratory,,,,False,,,
12848399218,Медси,clinic,clinic,,,,False,,,
12853253115,Клиника доктора Поповцева,clinic,doctor,,,,False,,,
12870117054,СМ-Клиника,clinic,,,,,False,,,
12870117055,СМ-Клиника,clinic,,,,,False,,,
12879092905,Аксона,clinic,clinic,,,,False,,,
12879092906,АлкоМед,clinic,,,,,False,,,
12886600531,Abc-Медицина,clinic,clinic,,,,False,,,
12886679414,Пикассо,doctors,laboratory,diagnostic_radiology,,,False,,,
12886679415,Пикассо,doctors,laboratory,diagnostic_radiology,,,False,,,
12886679416,Пикассо,doctors,laboratory,diagnostic_radiology,,,False,,,
12890486403,CMD,doctors,laboratory,,,,False,,,
12909380215,World vision clinic,clinic,clinic,,,,False,,,
12922691808,Abc-Медицина,clinic,clinic,,,,False,,,
12944551648,Эксперт Зрение,doctors,doctor,ophthalmology,,,False,,,
12946453795,Абсолют Мед,clinic,clinic,,,,False,,,
12956329275,GMS Clinic,clinic,clinic,,,,False,,,
12956329276,GMS ЭКО,clinic,clinic,fertility,,,False,,,
12960714701,ДокДети,clinic,,,,,False,,,
12982937869,Деломедика,clinic,clinic,,ООО «Деломедика»,,False,,,
12985067902,Докмед,clinic,,,,,False,,,
12989769001,Детская поликлинника,clinic,,,,,True,,,
12990249817,Лоза Клиник,clinic,clinic,,Лоза Клиник,public,False,,,
13007362573,Beauty Expert Clinics,clinic,clinic,,,,False,,,
13011228801,Атмосфера,clinic,clinic,paediatrics;gynaecology;general;psychiatry;otolaryngology,,,False,,,
13020275172,Гистолаб,doctors,laboratory,,,,False,,,
13036419255,Трит,clinic,clinic,cardiology;dermatology;dermatovenereology;endocrinology;general;gynaecology;otolaryngology;surgery,,,False,,,
13036419256,Трит,clinic,clinic,cardiology;dermatology;dermatovenereology;endocrinology;general;gynaecology;otolaryngology;surgery,,,False,,,
13042634101,Bavarialens,doctors,doctor,,,,False,,,
13058069133,Refresh,clinic,,,,,False,,,
13062467951,Goldenmed,clinic,,,ООО «МЦ Голденмед»,,False,,,
13063837985,Лаборатория репродукции,clinic,clinic,fertility,,,False,,,
13071515055,Этиомед,clinic,clinic,,,,False,,,
13073658286,Epihelp,clinic,,neurology,,,False,,,
13077726311,АйМед,doctors,,ophthalmology,,,False,,,
13077997154,КриоЭстетик,clinic,,,,,False,,,
13077997178,Майндсет,clinic,clinic,,,,False,,,
13077997179,Medicris,clinic,,,,,False,,,
13082093132,Центр контроля близорукости доктора Брагина,doctors,doctor,ophthalmology,,,False,,,
13085249162,GMS,hospital,hospital,,,,False,,,
13087604476,Эволюция,clinic,clinic,allergology;dermatology;dermatovenereology;endocrinology;gastroenterology;general;gynaecology;neurology;ophthalmology;otolaryngology;paediatrics;stomatology;urology,,,False,,,
13089210586,Медси,clinic,clinic,,,,False,,,
13118935902,ABC-медицина,clinic,clinic,,,,False,,,
13128131113,Медси,clinic,clinic,,,,False,,,
13135967068,Центр подологии,doctors,,,,,False,,,
13136433875,Даная,clinic,,,,,False,,,
13155744102,Face Clinic,clinic,,,,,False,,,
13155744106,Дзинь Юй,clinic,clinic,,,,False,,,
13155858377,DMC,clinic,clinic,,,,False,,,
13155858378,Бионика,clinic,clinic,,,,False,,,
13155858390,,doctors,doctor,dermatology,,,False,,,
13155858393,ЦентрПлюс,clinic,clinic,,,,False,,,
13157922458,НВ-медика,clinic,clinic,,,,False,,,
13158393557,L'art,clinic,,,,,False,,,
13160879168,ЭндоМедЛаб,clinic,clinic,,,,False,,,
13168914062,МРТ24,clinic,,,,,False,,,
13168914063,МРТ24,clinic,,,,,False,,,
13178997652,Одиссея,clinic,clinic,psychiatry,,,False,,,
13180189701,Гемотест,doctors,laboratory,,,,False,,,
13181397253,Podospecific,doctors,,,,,False,,,
13186194348,120 на 80,clinic,clinic,,,,False,,,
13186194351,Atm Clinic,clinic,clinic,,,,False,,,
13189071001,Докмед,clinic,clinic,,,,False,,,
13192450055,"Городская поликлиника 46 единое окно, отделение платных услуг",clinic,clinic,,,,True,,,
13198084674,Номосклиник,clinic,clinic,,,,False,,,
13198084680,Европейский Диагностический Центр,clinic,clinic,,,,False,,,
13202509662,Geltek,clinic,clinic,,,,False,,,
13202509671,Он клиник,clinic,clinic,,,,False,,,
13202509672,Use Your Body,clinic,rehabilitation,,,,False,,,
13203604089,ГалМед,doctors,doctor,,,,False,,,
13205089519,Draenei,clinic,clinic,,,,False,,,
13205089525,La Salute,clinic,clinic,,,,False,,,
13236922529,ACC Medical,clinic,clinic,,,,False,,,
13240974461,КНК Клиника,doctors,doctor,,,,False,,,
13248235195,МедПроф,doctors,doctor,,,,False,,,
13274337172,Виватон-Орто,,doctor,,,,False,,,
13274337192,Immunol,doctors,doctor,,,,False,,,
13275832809,Поликлиника №1 Управления делами Президента РФ,clinic,clinic,,,,True,,,
13279606651,Докдети,clinic,clinic,paediatrics,,,False,,,
13280045870,Сосуды не проблема,doctors,doctor,,,,False,,,
13289244010,ИнТайм,clinic,clinic,fertility,,,False,,,
13289649067,Доктор Визус,doctors,doctor,ophthalmology,,,False,,,
13306435374,Мак,clinic,clinic,,,,False,,,
13321812001,Сесиль,clinic,,,,,False,,,
13327691022,Инновационный сосудистый центр,clinic,,,,,False,,,
13327907597,Можно,clinic,,,,,False,,,
13327925304,Weda,clinic,,,,,False,,,
13340226641,Орис,clinic,clinic,,,,False,,,
13342467865,Логопедический Центр,doctors,doctor,,,,False,,,
13342467868,Центрэкспертиза,doctors,doctor,,,,False,,,
13342487511,Шаг Вперёд,doctors,doctor,podiatry,,,False,,,
13351711367,"Центр Протезирования и ортопедии ""Новая жизнь""",clinic,prosthetics,,,,False,,,
13369217601,Армклиникс,clinic,,,,,False,,,
13375681407,Центр здоровья Юрия Титова,doctors,doctor,,,,False,,,
13381621399,ГолденМед,doctors,doctor,,,,False,,,
13381664504,Dastan,clinic,clinic,,,,False,,,
13381664511,Гемотест,doctors,laboratory,,,,False,,,
13382028107,Клиника современной медицины,doctors,,,,,False,,,
13406611610,Арт-клиник,clinic,clinic,,,,False,,,
13421640648,Роса,clinic,clinic,,,,False,,,
13430074601,Центр флебологии,clinic,,,,,False,,,
13437528316,CMD,clinic,clinic,,,,False,,,
13442683524,Первый Даниловский многопрофильный медицинский центр,clinic,clinic,,,,False,,,
13457511437,Инвитро,doctors,laboratory,,,,False,,,
13457511438,Инвитро,doctors,laboratory,,,,False,,,
13457511439,Инвитро,doctors,laboratory,,,,False,,,
13457511440,Инвитро,doctors,laboratory,,,,False,,,
13457511457,Инвитро,doctors,laboratory,,,,False,,,
13457511458,Инвитро,doctors,laboratory,,,,False,,,
13457511459,Инвитро,doctors,laboratory,,,,False,,,
13460764302,Поликлиника.ру,clinic,,,,,True,,,
13462385603,Крафтвэй,clinic,clinic,,,,False,,,
13464110982,Гемотест,doctors,laboratory,,,,False,,,
13512584686,Клиника Доктора Жито,clinic,clinic,,,,False,,,
13512584689,Европейский диагностический центр,clinic,clinic,,,,False,,,
13512637301,ДокМед,clinic,clinic,,,,False,,,
13514423153,Геномед,doctors,doctor,,,,False,,,
13514423162,На ногах,doctors,doctor,podiatry,,,False,,,
13514423163,Нейрогармония,doctors,doctor,,,,False,,,
13514736332,Гемотест,doctors,laboratory,,,,False,,,
13516502676,Варикоза нет,doctors,doctor,,,,False,,,
13539015144,Медси,doctors,,,,,False,,,
13540238126,ПрофЛОРцентр,clinic,,,,,False,,,
13546809694,,doctors,doctor,,,,False,,,
13564418200,Клиника доктора Евдокимова,doctors,doctor,,,,False,,,
13585000224,Линия Жизни,doctors,doctor,,,,False,,,
13585000229,labnclinic,clinic,clinic,,,,False,,,
13586596526,Никсор Клиник,clinic,,,,,False,,,
13587400872,Студия логопеда,doctors,doctor,,,,False,,,
13587400878,О3,doctors,doctor,,,,False,,,
13587404024,Hormone Life + Дети,doctors,doctor,,,,False,,,
13587404025,Hormone Life,doctors,doctor,,,,False,,,
13587404029,Менталитто,doctors,doctor,,,,False,,,
13589664891,CMD,clinic,clinic,,,,False,,,
13589669117,Азбука Здоровья,doctors,doctor,podiatry,,,False,,,
13605051933,CMD,doctors,laboratory,,,,False,,,
13609528543,Грейс Медикал,doctors,doctor,,,,False,,,
13609528560,Скриндоктор,doctors,doctor,,,,False,,,
13614609401,,clinic,,,,,False,,,
13617851988,Клиника Ткачева,doctors,doctor,,,,False,,,
13617933066,Центр Подологии,doctors,,,,,False,,,
13617933067,Центр Подологии,doctors,,,,,False,,,
13624815302,Denira,clinic,clinic,,,,False,,,
13633714934,Healthroom,clinic,rehabilitation,,,,False,,,
13637787500,МРТ центр,doctors,laboratory,,,,False,,,
13645631587,Академика,clinic,clinic,,,,False,,,
13645677916,Жантий,doctors,doctor,,,,False,,,
13647936424,Логопедия,doctors,doctor,,,,False,,,
13647936427,Медси,doctors,doctor,,,,False,,,
13649460827,Пространство Я,doctors,doctor,,,,False,,,
13670044029,Doctor Ermilov,clinic,clinic,"Мануальная терапия, Остеопатия, Рефлексотерапия, Медицинский массаж, Физиотерапия, Реабилитация",,,False,,,
13688590994,Pro.ножки,doctors,doctor,,,,False,,,
13705714268,Клиника доктора Шишонина,doctors,doctor,,,,False,,,
13708742549,Лазеркорр,clinic,clinic,,,,False,,,
13720995198,Мать и дитя,clinic,clinic,,,,False,,,
13740144999,Гута Клиник,clinic,clinic,,,,False,,,
13743186689,,clinic,clinic,,,,False,,,
13743454546,КриоМедик,doctors,doctor,,,,False,,,
13743454557,Детский логопедический центр,doctors,doctor,,,,False,,,
13755960501,YourMed,clinic,clinic,,,,False,,,
13761139609,Митралаб,clinic,clinic,,,,False,,,
13761139623,Juviclinic,clinic,clinic,,,,False,,,
13764136709,Benedict,clinic,clinic,,,,False,,,
13776182680,Центр развития речи,doctors,doctor,,,,False,,,
13779533101,Клиника Медси на Зеленом проспекте,hospital,,,,,False,,,
13785159512,О! Да,doctors,doctor,psychiatry,,,False,,,
13790279340,Omür,doctors,doctor,,,,False,,,
13814973089,Детская городская поликлиника №94 Филиал №5,clinic,clinic,,,,True,,,
13814973090,Городская поликлиника №219 Филиал №4,clinic,clinic,,,,True,,,
13818356553,Деломедика,clinic,clinic,,,,False,,,
13824207955,MedSani,doctors,doctor,,,,False,,,
13824867370,GG Beauty,clinic,clinic,,,,False,,,
13835483988,СанПроВи,clinic,clinic,,,,False,,,
13858184287,АСВ,clinic,clinic,,,,False,,,
13871856501,План Б,clinic,,,,,False,,,
13897497403,Поллианна,clinic,,,,,False,,,
13903863543,B.Braun,clinic,centre,,,,False,,,
13906497416,Детская городская поликлиника №69,clinic,clinic,,,,True,,,
13928528713,МедЭстет,clinic,,,,,False,,,
13945938920,Кит клиника,clinic,clinic,,,,False,,,
13945938949,Кит клиника,clinic,clinic,,,,False,,,
13961329600,МРТ Измайлово,doctors,doctor,,,,False,,,
13970157891,Центр хирургии,doctors,doctor,urology,,,False,,,
13972937376,Мир,clinic,clinic,,,,False,,,
13972937377,Мир,clinic,clinic,,,,False,,,
13972937378,Мир,clinic,clinic,,,,False,,,
13972937379,Мир,clinic,clinic,,,,False,,,
13981181386,Московская офтальмологическая клиника,doctors,doctor,ophthalmology,,,False,,,
13997268601,"ПКБ № 1, филиал Психоневрологический диспансер №18, дневной стационар",hospital,,,,,False,,,
14000412525,Чайка,clinic,clinic,,,,False,,,
14003428001,"ПКБ №1, психоневрологический диспансер №18",hospital,,,,,False,,,
14006772890,Больница №29,clinic,clinic,,,,False,,,
14006773707,Ситимед,clinic,clinic,,,,False,,,
14006773754,Гемотест,doctors,laboratory,,,,False,,,
14022170978,Ок'Клиника,clinic,clinic,,,,False,,,
14049242527,ЦИДК,clinic,clinic,,,,False,,,
14049300651,Миронов Андрей Викторович,doctors,doctor,ophthalmology,,,False,,,
14099035660,Диланян Клиника,clinic,clinic,,,,False,,,
14107518803,МедСемья Перово,clinic,,,,,False,,,
14128472348,Остеопрофи,doctors,doctor,osteopathy,,,False,,,
14144829153,СитиМед,clinic,clinic,,,,False,,,
14165520001,Лаборатория движения,doctors,,physiatry,,,False,,,
14178244811,Первый доктор,clinic,clinic,,,,False,,,
14184516544,Городская поликлиника № 67. Филиал № 3,clinic,clinic,,,,True,,,
14211554598,Медицинский центр МАИ,clinic,clinic,,Московский авиационный институт,,False,,,
14219804314,Adaptogenzz,doctors,laboratory,,,,False,,,
61467,Поликлиника №6 ФСБ России,clinic,clinic,,,,True,,,
92987,Поликлиника №13,clinic,clinic,,,,True,,,
1299030,Городская поликлиника №64 Филиал 1,clinic,clinic,,,,True,,,
1317315,Больница №67,hospital,hospital,,,,False,,,
1391129,Городская поликлиника № 62. Филиал 2,clinic,clinic,,,,True,,,
1415785,Институт нейрохирургии имени Н.Н. Бурденко,hospital,hospital,,,,False,,,
1476087,Детская психоневрологическая больница № 32,hospital,hospital,,,,False,,,
1763002,Психиатрическая больница № 14,hospital,hospital,,,,False,,,
1788150,Городская клиническая больница имени С. П. Боткина,hospital,hospital,,,,False,,,
1796738,Психиатрическая клиническая больница № 13,hospital,hospital,psychiatry,"ГБУЗ ""Психиатрическая клиническая больница № 13 ДЗМ""",,False,,,
1802388,Детская клиническая инфекционная больница №5,hospital,hospital,,,,False,,,
1856879,Реабилитационно-образовательный центр № 76,hospital,,,,,False,,,
1903657,Центральная городская больница г. Реутов,hospital,hospital,,,,False,,,
1930232,Поликлиника,clinic,clinic,,,,True,,,
1955773,Психиатрическая клиническая больница №1 им. Н. А. Алексеева,hospital,hospital,psychiatry,,,False,,,
2074063,Городская поликлиника №35,clinic,clinic,,,,True,,,
2074064,Детская поликлиника №70,clinic,clinic,,,,True,,,
2140114,Онкологический центр им. Н.Н.Блохина,hospital,hospital,,,,False,,,
2140131,Городская клиническая больница имени С. С. Юдина. Территория К4,hospital,hospital,,,,False,,,
2140137,Клиника лечебного питания,hospital,,,,,False,,,
2156520,Лечебно-диагностический центр ГШ,clinic,clinic,,,,False,,,
2183432,Центр восстановительного лечения для детей №7,clinic,clinic,,,,False,,,
2377385,Больница № 6,hospital,hospital,,,,False,,,
2465064,Детский санаторий №56,hospital,hospital,,,,False,,,
2465065,Психоневрологический интернат №16,hospital,hospital,,,,False,,,
2499593,Туберкулезная клиническая больница №3 им. Г.А.Захарьина,hospital,hospital,,,,False,,,
2568865,Городская клиническая больница имени Ф.И. Иноземцева,hospital,hospital,,,,False,,,
2585298,Бюро медико-социальной экспертизы,hospital,,,,,False,,,
2585300,НИКИ педиатрии и детской хирургии имени академика Ю.Е. Вельтищева,hospital,,,,,False,,,
2585303,Хоспис №2,hospital,hospice,,,,False,,,
2615627,Федеральный медицинский центр,hospital,hospital,,,,False,,,
2754481,Инфекционная клиническая больница №1,hospital,hospital,,,,False,,,
2798649,"ФНКЦ детской гематологии, онкологии и иммунологии имени Дмитрия Рогачева",hospital,,,,,False,,,
2798692,Городская клиническая больница № 1 им. Н. И. Пирогова,hospital,hospital,,,,False,,,
2801663,Психиатрическая больница №4 им. В.А. Гиляровского,hospital,hospital,,,,False,,,
2826278,Химкинская Центральная городская больница,hospital,hospital,,,,False,,,
3029479,Национальный медицинский исследовательский центр эндокринологии имени академика И.И. Дедова,hospital,,,,,False,,,
3132715,Клиническая больница №119,hospital,,,,,False,,,
3154042,Красногорская больница. Филиал «Октябрьская»,clinic,clinic,,,,False,,,
3289340,Поликлиника №219 филиал №3,clinic,clinic,,,,True,,,
3324788,Детская поликлиника №142,clinic,clinic,,,,True,,,
3325182,Детский бронхолегочный санаторий №15,hospital,hospital,,,,False,,,
3536304,Научно-практический центр психического здоровья детей и подростков,hospital,,,,,False,,,
3596804,Детская городская клиническая больница №13 им. Н. Ф. Филатова,hospital,hospital,,,,False,,,
3634523,Больница №20,hospital,hospital,,,,False,,,
3917314,Поликлиника №11,clinic,clinic,,,,True,,,
3925706,"Центр паллиативной помощи. Филиал ""Даниловский""",hospital,hospice,,,,False,,,
3949927,Городская клиническая больница им. И. В. Давыдовского,hospital,hospital,,,,False,,,
3951735,Городская клиническая больница имени И. В. Давыдовского,hospital,hospital,,,,False,,,
3968364,7-й центральный военный клинический авиационный госпиталь МО РФ,hospital,,,,,False,,,
4080379,ЦКБ Управления делами Президента РФ,hospital,hospital,,,,False,,,
4111656,Городская клиническая онкологическая больница №1 Филиал №1,hospital,hospital,oncology,,,False,,,
4111866,Московский научно-исследовательский онкологический институт им. П. А. Герцена,hospital,hospital,,,,False,,,
4163672,"Клинико-диагностический центр ""Медси""",clinic,clinic,,,,False,,,
4227450,Детская поликлиника № 38,clinic,clinic,,,,True,,,
4720081,Всероссийский центр медицины катастроф ФГУ «Защита»,hospital,,,,,False,,,
5349445,Университетская клиническая больница №4 первого МГМУ им. И. М. Сеченова,hospital,hospital,,,,False,,,
5431173,Государственная клиническая больница им Е. О. Мухина,hospital,,,,,False,,,
5449050,ЦНИИ Туберкулёза РАМН,hospital,hospital,,,,False,,,
5470894,Городская поликлиника № 180,clinic,clinic,,,,True,,,
5552832,Клинико-диагностический центр ФКЦ ВМТ ФМБА России,hospital,hospital,,,,False,,,
5560889,Детский клинический центр им. Л.М. Рошаля,hospital,hospital,,,,False,,,
5597484,Детская поликлиника №144,clinic,clinic,,,,True,,,
5597486,Поликлиника №70,clinic,clinic,,,,True,,,
5767908,ЦНИИ стоматологии и челюстно-лицевой хирургии,hospital,hospital,,,,False,,,
5943036,Семейный доктор. Поликлиника №5,clinic,clinic,,"АО ""Семейный доктор""",,True,,,
6007283,Поликлиника №197,clinic,clinic,,,,True,,,
6036055,Детская городская клиническая больница № 9 им. Г.Н. Сперанского,hospital,hospital,,,,False,,,
6098589,Городская больница №17,hospital,hospital,,,,False,,,
6098590,НПЦ медицинской помощи детям,hospital,hospital,,,,False,,,
6193703,9 лечебно-диагностический центр МО РФ,hospital,hospital,,,,False,,,
6381245,НИИ неотложной детской хирургии и травматологии,hospital,hospital,,,,False,,,
6423345,Московский областной научно-исследовательский клинический институт им. М. Ф. Владимировского,hospital,hospital,,,,False,,,
6439936,Медицинский центр Центрального банка Российской Федерации,hospital,hospital,,,,False,,,
6439959,Центральная Клиническая Больница РАН,hospital,hospital,,,,False,,,
6450534,Московский научно-практический центр наркологии. Клинический филиал № 2,hospital,hospital,,,,False,,,
6450537,Хоспис №3,hospital,hospice,,,,False,,,
6450877,Психиатрическая клиническая больница № 15 Филиал № 2,hospital,,,,,False,,,
6450878,Филиал МНПЦ борьбы с туберкулезом по СВАО,hospital,,,,,False,,,
6456789,Центр медицинской и социальной реабилитации инвалидов с тяжелыми формами ДЦП,hospital,hospital,,,,False,,,
6464597,Городская клиническая больница имени Д. Д. Плетнёва,hospital,hospital,,,,False,,,
6464598,Детская клиническая больница №3,hospital,,,,,False,,,
6495520,Федеральный медицинский исследовательский центр психиатрии и наркологии имени В. П. Сербского,hospital,hospital,,,,False,,,
6498939,Детская поликлиника №94,clinic,clinic,,,,True,,,
6528273,ГКБ №67,hospital,hospital,,,,False,,,
6544637,Университетская клиническая больница №3,hospital,hospital,,,,False,,,
6546204,9 лечебно-диагностический центр МО РФ,hospital,hospital,,,,False,,,
6546206,Поликлиника 9 Лечебно-диагностического центра МО РФ,clinic,clinic,,,,True,,,
6578456,Городская больница им. А.В. Ухтомского,hospital,,,,,False,,,
6701841,Научно-клинический центр оториноларингологии ФМБА России,hospital,hospital,,,,False,,,
6720478,Детский нефрологический санаторий №6,hospital,yes,,,,False,,,
6751361,Родильный дом №17,hospital,hospital,,,,False,,,
6758016,Первый московский хоспис,hospital,hospice,,,,False,,,
6758099,Поликлиника №2 управления делами президента,clinic,clinic,,,,True,,,
6822739,Женская консультация №13,clinic,clinic,,,,False,,,
6846999,Гинекологическая больница № 5,hospital,hospital,,,,False,,,
6913092,Больница для детей с поражением ЦНС,hospital,,,,,False,,,
6947138,Государственная клиническая больница им. В.В. Вересаева,hospital,hospital,,,,False,,,
6999607,ЦЖЗ,clinic,clinic,,,,False,,,
7052404,Институт остеопатии,hospital,,,,,False,,,
7075122,Красногорская больница. Взрослая поликлиника № 2,clinic,clinic,,,,True,,,
7078117,"Московский научно-практический центр медицинской реабилитации, восстановительной и спортивной медицины",hospital,rehabilitation,,,,False,,,
7078119,Клиника спортивной медицины,clinic,clinic,,,,False,,,
7162685,Офтальмологическая клиническая больница,hospital,,,,,False,,,
7187827,Центральная клиническая больница гражданской авиации,hospital,hospital,,,,False,,,
7187828,Больница №1 (РЖД),hospital,hospital,,,,False,,,
7274507,Детская городская поликлиника № 23. Филиал № 1,clinic,clinic,,,,True,,,
7283098,Городская клиническая больница № 24,hospital,hospital,,,,False,,,
7334650,Диализный центр Б. Браун,hospital,hospital,nephrology,,,False,,,
7342904,Детская городская поликлиника №32 Филиал №3,clinic,clinic,,,,True,,,
7357056,Поликлиника №4 УД Президента РФ,clinic,clinic,,,,True,,,
7382976,Психиатрическая больница №4 имени Ганнушкина,hospital,hospital,,Департамент здравоохранения города Москвы,,False,,,
7421759,Поликлиника №212,clinic,clinic,,,,True,,,
7444453,АльтраВита,clinic,clinic,,,,False,,,
7664909,Реабилитационный центр для инвалидов,hospital,hospital,,,,False,,,
7692585,ГБУЗ МНПЦДК ДЗМ филиал Первомайский,clinic,clinic,,,,False,,,
7752274,Лечебно-реабилитационный центр Росздрава,hospital,hospital,,,,False,,,
7757104,Поликлиника,clinic,clinic,,,,True,,,
7770738,Клинический госпиталь ГУВД,hospital,hospital,,,,False,,,
7774722,Центральная клиническая психиатрическая больница им. Ф.А.Усольцева,hospital,hospital,psychiatry,,,False,,,
7838471,ФГБУ «НМИЦ ТО им. Н. Н. Приорова» Минздрава России,hospital,hospital,,,,False,,,
7848985,Российский кардиологический научно-производственный комплекс Минздравсоцразвития России,hospital,,,,,False,,,
7858791,Научный Центр сердечно-сосудистой хирургии им. А. Н. Бакулева РАМН,hospital,,,,,False,,,
7874775,"Детская поликлиника №99, филиал 2",clinic,clinic,,,,True,,,
7889472,Медицинский центр преморбидных и неотложных состояний,hospital,hospital,,Центральный военный клинический госпиталь им П.В. Мандрыка,,False,,,
7894672,Медицинский Центр ОАО «Аэрофлот — Российские международные авиалинии»,clinic,clinic,,,,False,,,
7906746,Научный центр неврологии РАМН,hospital,hospital,,,,False,,,
7930950,Городская поликлиника №62 Амбулаторный центр,clinic,clinic,,,,True,,,
7932104,Центральная поликлиника Литфонда,clinic,clinic,,,,True,,,
7932107,Поликлиника ЛитФонда (детское отделение),clinic,clinic,,,,True,,,
8062620,Московский областной научно-исследовательский институт акушерства и гинекологии,hospital,hospital,,,,False,,,
8118912,Противотуберкулезный диспансер №13,clinic,clinic,,,,False,,,
8119011,Центральный клинический военный госпиталь ФСБ РФ (Терапевтическое отделение),hospital,hospital,,,,False,,,
8192216,Московская Медицинская академия им. И. М. Сеченова,hospital,,,,,False,,,
8200031,Специализированная клиническая больница №8 имени З.П. Соловьева,hospital,hospital,,,,False,,,
8220601,Детская городская клиническая больница имени З.А. Башляевой,hospital,hospital,,,,False,,,
8240658,Московский городской научно-практический центр борьбы с туберкулезом. Клиника № 2,hospital,hospital,,,,False,,,
8330590,Детская городская поликлиника № 15. Филиал 2,clinic,clinic,,,,True,,,
8331323,"Городская поликлиника № 62, филиал № 1",clinic,clinic,,,,True,,,
8342320,Детская инфекционная больница № 6,hospital,hospital,,,,False,,,
8360243,Больница № 19,hospital,hospital,,,,False,,,
8361044,Межотраслевой научно-технический комплекс «Микрохирургия глаза»,hospital,hospital,,,,False,,,
8437743,Здоровье Московский протезно-реабилитационный центр филиал №3,doctors,doctor,,,,False,,,
8451374,Диагностический центр №3 филиал №2,,clinic,,,,False,,,
8763468,574 военный клинический госпиталь Московского военного округа,hospital,hospital,,,,False,,,
8782303,Научный центр неврологии,hospital,hospital,,,,False,,,
8888905,Национальный медицинский исследовательский центр профилактической медицины,hospital,hospital,,,,False,,,
9081236,Городская поликлиника №12,clinic,clinic,,,,True,,,
9127195,Медсанчасть ГУВД МО,clinic,clinic,,,,False,,,
9555411,Больница с поликлиникой УДП РФ,hospital,hospital,,,,True,,,
10210009,Поликлиника №22,clinic,clinic,,,,True,,,
10234069,ГКБ имени В. М. Буянова,hospital,hospital,,,,False,,,
10291035,Поликлиника Московской городской онкологической больницы №62,clinic,clinic,,,,True,,,
10377233,Городская поликлиника № 220,clinic,clinic,,,,True,,,
10524780,Городская клиническая больница имени братьев Бахрушиных,hospital,hospital,,,,False,,,
10617161,Национальный медицинский исследовательский центр глазных болезней им. Гельмгольца,hospital,hospital,,,,False,,,
10647528,Научно-исследовательский институт медицины труда,clinic,laboratory,,,,False,,,
10647530,Инфекционная клиническая больница № 2,hospital,hospital,,,,False,,,
10840900,Институт ревматологии РАМН,hospital,hospital,,,,False,,,
10840904,Городская клиническая психиатрическая больница № 15,hospital,hospital,,,,False,,,
10840906,Научный центр психического здоровья,hospital,,psychiatry,,government,False,,,
10918095,Городская поликлиника № 62 филиал № 5,clinic,clinic,,,,True,,,
10981164,Родильный дом №26,hospital,hospital,,,,False,,,
11007549,Больница № 4,hospital,hospital,,,,False,,,
11017128,Детская поликлиника №141,clinic,clinic,,,,True,,,
11084070,Больница № 56,hospital,hospital,,,,False,,,
11086457,Городская клиническая больница имени С.С.Юдина,hospital,hospital,,,,False,,,
11187074,Психиатрическая клиническая больница № 13,hospital,hospital,psychiatry,"ГБУЗ ""Психиатрическая клиническая больница № 13 ДЗМ""",,False,,,
11257406,Государственный научный центр дерматовенерологии и косметологии,hospital,hospital,,,,False,,,
11268547,"Городская поликлиника №3, Филиал №2",clinic,clinic,,,,True,,,
11322793,Туберкулезный диспансер № 16,clinic,,,,,False,,,
11325834,Железнодорожная больница Москва-3,hospital,hospital,,,,False,,,
11327387,Городская клиническая больница № 24. Перинатальный центр,hospital,hospital,,,,False,,,
11329388,Психиатрическая клиническая больница № 1 им. Н. А. Алексеева Департамента здравоохранения города Москвы. Филиал «Психоневрологический диспансер № 24,clinic,clinic,,,,False,,,
11489466,Московская областная детская клиническая травматолого-ортопедическая больница,hospital,hospital,,,,False,,,
11561769,МедКвадрат,clinic,clinic,,МедКвадрат,,False,,,
11694910,Европейский медицинский центр,clinic,clinic,,,,False,,,
11700668,Городская поликлиника № 180. Филиал № 4,clinic,clinic,,,,True,,,
11750180,Фесфарм,clinic,clinic,,,,False,,,
11760035,Реабилитационный центр «Преодоление»,hospital,hospital,,,,False,,,
11782126,Детская городская поликлиника №99,clinic,clinic,,,,True,,,
11880803,Врачебно-физкультурный диспансер №4,clinic,clinic,orthopaedics,,,False,,,
11980713,Стоматологическая поликлиника № 11,clinic,dentist,,,,True,,,
12231188,Поликлиника № 6,clinic,clinic,,,,True,,,
12231190,Больница № 50,hospital,hospital,,,,False,,,
12380318,"Центральная клиническая больница №1 ОАО ""РЖД"" (2-я территория)",hospital,hospital,,,,False,,,
12380325,Противотуберкулёзный диспансер № 18,clinic,clinic,,,,False,,,
12432667,Научно-исследовательский институт фтизиопульмонологии ММА им. И. М. Сеченова,hospital,hospital,,,,False,,,
12508668,Поликлиника № 6,clinic,clinic,,,,True,,,
12544910,Филиал Московского клинического научного центра имени А. С. Логинова на Павлова,hospital,hospital,,,,False,,,
12556969,Поликлиника им. Первого Мая,clinic,clinic,,,,True,,,
12565525,Родильный дом на улице Правды,hospital,hospital,,,,False,,,
12700199,12 консультативно-диагностический центр Министерства обороны РФ,hospital,hospital,,,,False,,,
12701395,Поликлиника РУТ (МИИТ),clinic,hospital,,,,True,,,
12737139,Городская поликлиника № 68,clinic,clinic,,,,True,,,
12739139,Клиническая больница Управления делами Президента РФ,hospital,hospital,,,,False,,,
12998411,Центр женского здоровья Тёплый стан,clinic,yes,gynaecology,ГКБ-31,,False,,,
13052190,Российская детская клиническая больница,hospital,hospital,paediatrics;ophthalmology;oncology;physiatry;nephrology;haematology;neurology;paediatric_surgery;trauma,,,False,,,
13248114,,clinic,clinic,,,,False,,,
13378448,Поликлиника №195,clinic,clinic,,,,True,,,
13386681,Центральный клинический госпиталь ФТС России,hospital,,,,,False,,,
13438093,Городская клиническая больница № 40,hospital,hospital,,ГКБ №40,,False,,,
13443142,Детская поликлиника №7,clinic,clinic,,,,True,,,
13447751,Детская поликлиника №110,clinic,clinic,paediatrics,,,True,,,
13802233,Детская поликлиника №52 Филиал 1,clinic,clinic,paediatrics,,,True,,,
13802235,Детская больница Святого Владимира,hospital,hospital,,,,False,,,
13836515,Центральный военный клинический госпиталь,hospital,hospital,,,,False,,,
13851368,Детская городская поликлиника №145,clinic,clinic,,,,True,,,
13958089,Московский городской научно-практический центр борьбы с туберкулезом. Клиника № 1,hospital,hospital,,,,False,,,
14080266,Научно-практический центр медико-социальной реабилитации инвалидов им. Л.И. Швецовой,hospital,hospital,,,,False,,,
14080396,Больница №13,hospital,hospital,,,,False,,,
14132650,Поликлиника №219 филиал №2,clinic,clinic,,,,True,,,
14132655,Детская поликлиника №140 филиал №1,clinic,clinic,,,,True,,,
14134780,Медицинский центр Елены Малышевой,clinic,clinic,,,,False,,,
14149385,Химкинская психиатрическая больница №22,hospital,hospital,psychiatry,,,False,,,
14209033,ЧУЗ «ЦКБ «РЖД-Медицина»,hospital,hospital,,,,False,,,
14278189,Больница №71,hospital,hospital,,,,False,,,
14346818,Национальный медицинский исследовательский центр гематологии,hospital,hospital,,,,False,,,
14868036,Поликлиника №38 Филиал 2,clinic,clinic,,,,True,,,
14890179,Детская поликлиника №95,clinic,clinic,,,,True,,,
14890180,Городская поликлиника №130,clinic,clinic,,,,True,,,
14893816,Московский клинический научный центр имени А. С. Логинова,hospital,centre,general,,,False,,,
14893818,Противотуберкулезный диспансер №21,clinic,clinic,,,,False,,,
14923952,Бест клиник,clinic,clinic,,,,False,,,
14937611,Центр реабилитации больных со спинномозговой травмой и последствиями ДЦП,clinic,rehabilitation,,,,False,,,
15001926,"ФГБУ ""52 консультативно-диагностический центр""",clinic,clinic,,Министерство обороны Российской Федерации,,False,,,
15013451,Городская поликлиника № 64 Филиал № 1,clinic,clinic,,,,True,,,
15016962,Психоневрологический Интернат №23,hospital,hospital,,,,False,,,
15043795,Московская Глазная Клиника,clinic,,,,,False,,,
15046079,Московский областной противотуберкулезный диспансер,clinic,clinic,,,,False,,,
15046082,Больница №59,hospital,hospital,,,,False,,,
15047551,РЖД-Медицина,clinic,clinic,,,,False,,,
15068806,ФКУЗ «Противочумный центр»,,centre,,Роспотребнадзор,,False,,,
15082936,Детская поликлиника №130,clinic,clinic,,,,True,,,
15257511,,clinic,clinic,,,,False,,,
15326533,Институт пластической хирургии и косметологии,clinic,clinic,plastic_surgery; allergology,,,False,,,
15326687,Онкологический диспансер №1,clinic,clinic,,,,False,,,
15332885,Медси,hospital,hospital,,,,False,,,
15473552,Лечебно-реабилитационный центр Управления делами Президента РФ,hospital,hospital,reabilitation;psychiatry;orthopaedics;cardiology;osteopathy;physiatry;geriatrics,Клиническая больница УД ПРФ,public,False,,,
15510259,Литех,clinic,clinic,,,,False,,,
15668806,Городская поликлиника № 220 филиал № 3,clinic,clinic,,,,True,,,
16031988,Детская городская поликлиника №32 Филиал №1,clinic,clinic,,,,True,,,
16065095,Консультативно-диагностический центр «Измайловский» НМХЦ им. Пирогова,clinic,clinic,,,,False,,,
16076509,Мединцентр,clinic,clinic,,,,False,,,
16131927,Центральный военно-клинический госпиталь № 6,hospital,hospital,,,,False,,,
16160247,Городская поликлиника № 12,clinic,clinic,,,,True,,,
16374682,НИИ скорой помощи им. Н. В. Склифосовского,hospital,hospital,emergency;paediatrics;cardiology;anaesthetics;radiology;transplant,,,False,,,
16409206,"Детский хоспис ""Дом с маяком""",hospital,hospital,,,,False,,,
16672011,Фесфарм-9,clinic,clinic,haematology,,,False,,,
16676440,"ФГБУ ""Детский медицинский центр"" Поликлиническое отделение",clinic,clinic,,,,True,,,
16880014,"Центр амбулаторной онкологической помощи ММКЦ ""Коммунарка""",clinic,clinic,oncology,,government,False,,,
17041150,"Городская поликлиника № 180, филиал № 5",clinic,clinic,,,,True,,,
17096994,Центральная поликлиника ФСБ,clinic,clinic,,,,True,,,
17386798,Детский туберкулезный санаторий №17,hospital,yes,,,,False,,,
17473833,Национальный медицинский исследовательский центр хирургии им. А.В.Вишневского,hospital,hospital,,,,False,,,
17561179,"Детская городская поликлиника № 48, филиал № 2",clinic,clinic,,,,True,,,
17734460,,clinic,,,,,False,,,
17892091,Городская поликлиника № 66. Филиал № 3,clinic,clinic,,,,True,,,
17950620,Московский международный онкологический центр,hospital,hospital,oncology,,,False,,,
17984326,Хоспис №4,hospital,hospice,,,,False,,,
18025154,"Научный центр акушерства, гинекологии и перинатологии имени академика В. И. Кулакова",hospital,hospital,,,,False,,,
18148142,Городская поликлиника №67,clinic,clinic,,,,True,,,
18178322,Научно-практический психоневрологический центр им. З. П. Соловьёва,hospital,hospital,,,,False,,,
18199667,Российский научный центр рентгенорадиологии,hospital,,,,,False,,,
18245709,,,clinic,,,,False,,,
18396248,Научно-практический центр детской психоневрологии,hospital,,,,,False,,,
18618529,,clinic,clinic,,,,False,,,
18644796,Диагностический центр № 3. Филиал №8,clinic,clinic,,,,False,,,
18697162,НИИ трансплантологии и искусственных органов,hospital,,,,,False,,,
18827983,Красногорская городская больница,hospital,hospital,,,,False,,,
18952358,Родильный дом №32,hospital,hospital,,,,False,,,
19188429,Ланцетъ,clinic,,,,,False,,,
19202716,Городская поликлиника №46 филиал №4,clinic,clinic,,,,True,,,
19253935,,clinic,clinic,,,,False,,,
19614612,Детская поликлиника,clinic,clinic,,,,True,,,
19735554,Детская городская поликлиника № 104,clinic,clinic,,,,True,,,
19891510,Городская поликлиника №5 филиал №5,,clinic,,Городская клиническая больница имени братьев Бахрушиных,,True,,,
20202523,Детская городская поликлиника № 23,clinic,clinic,,,,True,,,
20296578,Взрослая поликлиника,clinic,clinic,,,,True,,,
20381944,"Детская городская поликлиника №69, филиал 3",clinic,clinic,,,,True,,,
21063182,,clinic,clinic,,Научно-практический психоневрологический центр имени З. П. Соловьева Департамента здравоохранения города Москвы,,False,,,
21065847,Консультативно-диагностический центр №2 Филиал №4,clinic,clinic,,,,False,,,
21081018,Госпиталь ветеранов войн,hospital,hospital,,,,False,,,
21155958,Городская поликлиника № 22,clinic,clinic,,,,True,,,
21155959,Больница №64,hospital,,,,,False,,,
21156095,Госпиталь ветеранов войн № 2,hospital,hospital,,,,False,,,
,Городская поликлиника №213,clinic,clinic,,,,True,,,
,Детская поликлиника №23,clinic,clinic,,,,True,,,
,Больница №15 им. О.М. Филатова,hospital,hospital,,,,True,,,
,Центр женского здоровья,clinic,clinic,,ГКБ имени Ф. И. Иноземцева,,True,,,
,Поликлиника №134 филиал №3,clinic,clinic,,"ГБУЗ ""ГП №134 ДЗМ""",,True,,,
,Поликлиника №134 филиал №2,clinic,clinic,,"ГБУЗ ""ГП №134 ДЗМ""",,True,,,
,Поликлиника №165,clinic,clinic,,,,True,,,
,,clinic,clinic,paediatrics,,,True,,,
,Родильное отделение ГКБ №20,hospital,hospital,,,,True,,,
,Поликлиника №175 Филиал №2,clinic,clinic,,,,True,,,
,Детская поликлиника №89,clinic,clinic,,,,True,,,
,Поликлиника №209,clinic,clinic,,,,True,,,
,Атлас,clinic,clinic,,,,True,,,
,Поликлиника №9,clinic,clinic,,,,True,,,
,Госпиталь Мичуринский,hospital,hospital,,,,True,,,
,Поликлиника №36 Детское отделение,clinic,clinic,,,,True,,,
,Поликлиника №2,clinic,clinic,,,,True,,,
,Детская городская поликлиника №28 Филиал №2,clinic,clinic,,,,True,,,
,Городская поликлиника № 209. Филиал № 3,clinic,clinic,,,,True,,,
,Детская городская поликлиника № 30. Филиал № 4,clinic,clinic,,,,True,,,
,Научный центр экспертизы средств медицинского применения,hospital,hospital,,,,True,,,
,Женская консультация,clinic,clinic,,,,True,,,
,Поликлиника №107,clinic,clinic,,,,True,,,
,Поликлиника №195 Филиал №2,clinic,clinic,,,,True,,,
,Детская поликлиника №44 СВАО,clinic,clinic,,,,True,,,
,Детская поликлиника,clinic,clinic,,,,True,,,
,Отделенческая Поликлиника на ст. Лихоборы МЖД,clinic,clinic,,,,True,,,
,Поликлиника № 218. Филиал № 2,clinic,clinic,,,,True,,,
,Детская поликлиника № 99. Филиал 1,clinic,clinic,,,,True,,,
,Поликлиника №186,clinic,clinic,,,,True,,,
,Поликлиника №155,clinic,clinic,,,,True,,,
,Поликлиника,clinic,clinic,,,,True,,,
,Поликлиника №190,clinic,clinic,,,,True,,,
,Поликлиника №169,,clinic,general,,,True,,,
,Поликлиника №153,clinic,clinic,,,,True,,,
,Детская поликлиника №11,clinic,clinic,,,,True,,,
,Детская поликлиника №11 Филиал №1,clinic,clinic,,,,True,,,
,Поликлиника №138,clinic,clinic,,,,True,,,
,Поликлиника №193,clinic,clinic,general,"ГБУЗ ""КДЦ № 6 ДЗМ"" Филиал Городская Поликлиника №193",,True,,,
,Консультативно-диагностический центр № 6. Филиал № 3,clinic,clinic,,,,True,,,
,Детская городская поликлиника № 86 филиал № 1,clinic,clinic,,,,True,,,
,Олимп Клиник Марс,clinic,clinic,general;gynaecology;paediatrics;orthopaedics;trauma;osteopathy;urology;otolaryngology,,,True,,,
,,,clinic,,,,True,,,
,Поликлиника № 81,clinic,clinic,,,,True,,,
,Детская поликлиника № 87,clinic,clinic,,,,True,,,
,Детская поликлиника №79,clinic,clinic,,,,True,,,
,Поликлиника РЖД - Семашко,clinic,clinic,,,,True,,,
,Консультативно-диагностическая поликлиника №121 Филиал №4,clinic,clinic,,,,True,,,
,Городская поликлиника №98,clinic,clinic,,,,True,,,
,Поликлиника №45,clinic,clinic,,,,True,,,
,Консультативно-диагностический центр №6,doctors,,,,,True,,,
,Родильный дом,hospital,hospital,,,,True,,,
,Поликлиника №177,clinic,clinic,,,,True,,,
,Детская поликлиника №88,clinic,clinic,,,,True,,,
,Женская консультация,clinic,clinic,,,,True,,,
,Центральная детская поликлиника МВД РФ,clinic,clinic,,,,True,,,
,Детская поликлиника №10,clinic,clinic,,,,True,,,
,Детская Поликлиника,clinic,clinic,,,,True,,,
,Поликлиника №8 филиал №2,clinic,clinic,,,,True,,,
,"ГБУЗ Дкц № 1 ДЗМ, филиал № 1",clinic,clinic,,,,True,,,
,Поликлиника №166 филиал 3,clinic,clinic,,,,True,,,
,Поликлиника №131,clinic,clinic,,,,True,,,
,Диагностический центр № 3,clinic,clinic,general;community;vaccination,,,True,,,
,Детская поликлиника №17,clinic,clinic,,,,True,,,
,Психоневрологический диспансер № 9,clinic,clinic,psychiatry,,,True,,,
,Поликлиника №149,clinic,clinic,,,,True,,,
,Детская поликлиника №21,clinic,clinic,,,,True,,,
,Поликлиника №16,clinic,clinic,,,,True,,,
,Поликлиника №18,clinic,clinic,,,,True,,,
,ГБУЗ МНПЦДК ДЗМ филиал Клиника им. В.Г. Короленко,clinic,clinic,,,,True,,,
,Поликлиника №23,clinic,clinic,,,,True,,,
,Детская поликлиника №108,clinic,clinic,,,,True,,,
,Детская поликлиника №143,clinic,clinic,,,,True,,,
,ГБУЗ МНПЦДК ДЗМ филиал Пролетарский на улице Мельникова,clinic,clinic,,,,True,,,
,Медико-санитарная часть №3,clinic,,,,,True,,,
,Наркологический диспансер №12,clinic,,,,,True,,,
,Центр отоларингологии и челюстно-лицевой хирургии им. М. И. Федоровской,doctors,doctor,otolaryngology,,,True,,,
,Городская поликлиника №22 Филиал №3,clinic,clinic,,,,True,,,
,Родильный дом при Химкинской центральной больнице,hospital,hospital,,,,True,,,
,Клиника акушерства и гинекологии им. В. Ф. Снегирёва,clinic,clinic,,,,True,,,
,Акушерский филиал №2 Родильный дом,hospital,hospital,,,,True,,,
,Детская поликлиника №15,clinic,clinic,,,,True,,,
,Диагностический центр №3 Филиал 1,clinic,clinic,,,,True,,,
,Детская поликлиника №13,clinic,clinic,,,,True,,,
,ГБУЗ МНПЦДК ДЗМ филиал Люблинский,clinic,clinic,,,,True,,,
,Городская поликлиника № 166. Филиал 2,clinic,clinic,,,,True,,,
,Городская поликлиника №26,clinic,clinic,,,,True,,,
,Роддом,hospital,hospital,,,,True,,,
,,clinic,clinic,,,,True,,,
,Городская поликлиника №67 Филиал №3,clinic,clinic,,,,True,,,
,Городская поликлиника №67 Филиал №1,clinic,clinic,,,,True,,,
,Детская городская поликлиника №98. Филиал №1,clinic,clinic,,,,True,,,
,Детская городская поликлиника №32 АПЦ,clinic,clinic,,,,True,,,
,Городская поликлиника №96 СЗАО,clinic,clinic,,,,True,,,
,Смайл,clinic,clinic,,,,True,,,
,Поликлиника Минэкономразвития России,clinic,clinic,,,,True,,,
,Городская поликлиника №3,clinic,clinic,,,,True,,,
,7 Корпус - Консультативно-диагностическая поликлиника,clinic,clinic,,,,True,,,
,Кожно-венерологический диспансер,clinic,clinic,,,,True,,,
,"Городская поликлиника №3, Филиал №1",clinic,clinic,,,,True,,,
,Детская поликлиника №122,clinic,clinic,,,,True,,,
,Центр женского здоровья,clinic,clinic,gynaecology,,,True,,,
,"ДЗМ ГБУЗ Детская городская поликлиника № 91, филиал № 3",clinic,clinic,,,,True,,,
,Детская городская поликлиника №69,clinic,clinic,,,,True,,,
,Городская поликлиника № 11,clinic,clinic,,,,True,,,
,Детская поликлиника №80,clinic,clinic,,,,True,,,
,ЛПУ МГБ №2 - Детская поликлиника,clinic,clinic,,,,True,,,
,Королёвская городская больница,hospital,hospital,Гематология;Кардиология;Пульмонология,,,True,,,
,Детская поликлиника №131 филиал №4,,clinic,,,,True,,,
,,doctors,,,,,True,,,
,Клинико-диагностический центр МЕДСИ на Белорусской,clinic,clinic,,,,True,,,
,Поликлиника №68 (филиал №2),clinic,clinic,,,,True,,,
,,hospital,,,,,True,,,
,Детская городская поликлиника №58,clinic,clinic,,,,True,,,
,"Поликлиника № 209, филиал № 140, женская консультация",clinic,clinic,,,,True,,,
,Детская поликлиника №67,clinic,clinic,,,,True,,,
,Подстанция №15 скорой помощи,doctors,yes,,,,True,,,
,Медросконтракт,clinic,clinic,,,,True,,,
,Женская консультация,clinic,clinic,,,,True,,,
,Консультативно-диагностическая поликлиника №121 Филиал №7,clinic,clinic,,,,True,,,
,,clinic,clinic,,,,True,,,
,Городская поликлиника №102,clinic,clinic,,,,True,,,
,Фесфарм,clinic,clinic,,,,True,,,
,"Поликлиника №8, филиал №1",clinic,clinic,,,,True,,,
,"Детская поликлиника №131, Филиал 1",clinic,clinic,,,,True,,,
,Детская поликлиника №131,clinic,clinic,,,,True,,,
,Поликлиника Газпром,clinic,clinic,,ОКДЦ ПАО Газпром,,True,,,
,Поликлиника №209,clinic,clinic,,,,True,,,
,Детская поликлиника №91 филиал №1,clinic,clinic,,,,True,,,
,Детская городская поликлиника №104,clinic,clinic,,,,True,,,
,Детская поликлиника №6,clinic,clinic,,,,True,,,
,Детская поликлиника №102,clinic,clinic,,,,True,,,
,Поликлиника №179,clinic,clinic,,,,True,,,
,Городская поликлиника №109 филиал №2,clinic,clinic,,,,True,,,
,Терапевтический корпус,,clinic,,,,True,,,
,Детская городская поликлиника №120 Филиал №2,clinic,clinic,,,,True,,,
,Детская поликлиника №50,clinic,clinic,,,,True,,,
,Больница №72,hospital,hospital,,,,True,,,
,Поликлиника ЦКБ,clinic,clinic,,,,True,,,
,Клинико-диагностический центр,clinic,clinic,,,,True,,,
,Детская поликлиника №130,clinic,clinic,,,,True,,,
,,clinic,clinic,,,,True,,,
,Центр амбулаторной онкологической помощи МКНЦ им. А. С. Логинова,clinic,clinic,oncology,,,True,,,
,Поликлиника №72,clinic,clinic,,,,True,,,
,РЖД-Медицина,clinic,,,,,True,,,
,,clinic,,,,,True,,,
,Поликлиника №166,clinic,clinic,,,,True,,,
,Консультативно-диагностический центр «Арбатский»,clinic,clinic,,,,True,,,
,Городская поликлиника №202,clinic,clinic,,,,True,,,
,НИИ глазных болезней,hospital,hospital,,,,True,,,
,Узловая поликлиника на станции Лосиноостровская,clinic,clinic,,,,True,,,
,Гинекологическое отделение,,clinic,,,,True,,,
,ГБУЗ «ГКБ имени В.П. Демихова ДЗМ»,hospital,hospital,,,,True,,,
,Роддом,hospital,hospital,,,,True,,,
,Семейный Доктор,clinic,doctor,,,,True,,,
,Объединённая больница с поликлиникой при управлении делами Президента РФ,hospital,hospital,,,,True,,,
,Детская больница РЖД им. Семашко,clinic,clinic,,,,True,,,
,Центральная больница РЖД №4,clinic,clinic,,,,True,,,
,ГБУЗ ДЦ № 3 ДЗМ. Филиал № 7,clinic,clinic,,,,True,,,
,Медико-санитарная часть №5,clinic,clinic,,,,True,,,
,Поликлиника №195 Филиал №3,clinic,clinic,,,,True,,,
,Центральная больница МВД РФ,hospital,hospital,,,,True,,,
,Поликлиника №224,clinic,clinic,,,,True,,,
,Поликлиника №2 минэкономразвития России,clinic,clinic,,,,True,,,
,Туберкулезный диспансер,doctors,doctor,,,,True,,,
,"Центр диагностики и консультирования ""Участие""",doctors,doctor,,,,True,,,
,"Медицинский центр ""Столица""",clinic,clinic,,,,True,,,
,"Поликлиника № 218, филиал № 1",clinic,clinic,,,,True,,,
,"ГБУЗ Детская городская поликлиника № 11, филиал № 2",clinic,clinic,,,,True,,,
,Подстанция №35 Станции скорой помощи г. Москвы им. А.С. Пучкова,doctors,yes,,,,True,,,
,Городская поликлиника № 5. Филиал 1,clinic,clinic,,,,True,,,
,Городская поликлиника №218,clinic,clinic,,,,True,,,
,Поликлиника №4,clinic,clinic,,,,True,,,
,"Научный центр ""СМ-Клиники""",clinic,clinic,,,,True,,,
,Клиническая больница РЖД им. Семашко (поликлиническое отделение),clinic,clinic,,,,True,,,
,Больница №52,hospital,hospital,allergology;cardiology;hematology;gynaecology;nephrology;surgery,,,True,,,
,Детская поликлиника № 26,clinic,clinic,,,,True,,,
,Поликлиника №31,clinic,clinic,,,,True,,,
,Морозовская больница,hospital,hospital,,,,True,,,
,Филиал МНПЦ борьбы с туберкулезом по ЮВАО,clinic,clinic,,,,True,,,
,Дорожная клиническая больница им. Н.А. Семашко,hospital,hospital,,,,True,,,
,Поликлиника ДКБ им. Н.А. Семашко,clinic,clinic,,,,True,,,
,Детская поликлиника № 58. Филиал № 2,clinic,clinic,,,,True,,,
,Клиника ГКНПЦ им. М.В. Хруничева,doctors,,,,,True,,,
,Детская поликлиника №52,clinic,clinic,,,,True,,,
,Научно-практический центр детской психоневрологии,hospital,,,,,True,,,
,Центральный клинический военный госпиталь ФСБ РФ (Хирургический корпус),hospital,hospital,,,,True,,,
,Поликлиника №49,clinic,clinic,,,,True,,,
,НПЦ интервенционной кардиоангиологии,hospital,hospital,,,,True,,,
,Prior,clinic,,,,,True,,,
,Институт Рентгенрадиологии,hospital,,,,,True,,,
,ABC-медицина,clinic,doctor,,,,True,,,
,"Клиника ревматологии, нефрологии и профпатологии им. Е. М. Тареева",clinic,clinic,,,,True,,,
,Клиника нервных болезней им. А. Я. Кожевникова,clinic,clinic,,,,True,,,
,Городская больница №9,hospital,,,,,True,,,
,Поликлиника,clinic,clinic,,,,True,,,
,Медсанчасть № 26,clinic,clinic,,,,True,,,
,Эндокринологический диспансер,clinic,clinic,,,,True,,,
,Поликлиника №46,clinic,clinic,,,,True,,,
,"Детская городская поликлиника № 143, филиал № 2",clinic,clinic,,,,True,,,
,Центр трансплантации печени,hospital,hospital,transplant,ДЗМ,government,True,,,
,Поликлиника №24,clinic,clinic,,,,True,,,
,Детская городская поликлиника №121,clinic,clinic,,,,True,,,
,Поликлиника №2 ФСБ России,clinic,clinic,,,,True,,,
,Поликлиника и физкультурно-оздоровительный корпус,clinic,clinic,,,,True,,,
,Поликлиника №1 ГУ МВД России по г. Москве,clinic,clinic,,,,True,,,
,Поликлиника №198,clinic,clinic,,,,True,,,
,НИИ педиатрии и охраны здоровья детей НКЦ №2 (ЦКБ РАН),,clinic,,,,True,,,
,Родильный дом № 1,hospital,hospital,,,,True,,,
,"Городская поликлиника №22, филиал №5",clinic,clinic,,,,True,,,
,Поликлиника №185,clinic,clinic,,,,True,,,
,Лаборатория,doctors,doctor,,,,True,,,
,EMC,clinic,clinic,,,,True,,,
,"Клиника женского здоровья, филиал № 2",clinic,clinic,,,,True,,,
,Центр эндохирургии и литотрипсии,hospital,,,,,True,,,
,Гомеопатический центр,clinic,clinic,,,,True,,,
,Поликлиника №46 (филиал №2),clinic,clinic,,,,True,,,
,Поликлиника №1 Управления делами Президента РФ,clinic,clinic,,,,True,,,
,Будь здоров,clinic,clinic,cardiology;dermatology;general;gynaecology;oncology;ophthalmology;osteopathy;paediatrics,,,True,,,
,Московский научно-практический центр наркологии. Наркологический диспансер № 12 для несовершеннолетних,clinic,clinic,,,,True,,,
,МЕДСИ,clinic,clinic,,,,True,,,
,Герпетический центр,doctors,doctor,,,,True,,,
,Клиника Фомина,clinic,clinic,,,,True,,,
,Поликлиника Газпром,clinic,clinic,,ОКДЦ ПАО Газпром,,True,,,
,Детская поликлиника Газпром,clinic,clinic,,ОКДЦ ПАО Газпром,,True,,,
,Центр В.И.Дикуля «Марьино»,clinic,clinic,,,,True,,,
,Поликлиника ГКБ №1,clinic,clinic,,,,True,,,
,Химкинская городская поликлиника №2,clinic,clinic,,,,True,,,
,Национальный медицинский исследовательский центр глазных болезней Им. Гельмгольца,clinic,,,,,True,,,
,Детская поликлиника №94 филиал №1,clinic,clinic,,,,True,,,
,Психиатрическая больница № 13 Филиал № 3,clinic,clinic,psychiatry,,,True,,,
,Наркологический диспансер №5,clinic,clinic,,,,True,,,
,,clinic,clinic,,,,True,,,
,Химкинская детская городская поликлиника,clinic,clinic,,,,True,,,
,Городская поликлиника №25,clinic,clinic,,,,True,,,
,ЦКБ РЖД им. Семашко,hospital,hospital,,,,True,,,
,больница Центросоюза РФ,hospital,hospital,,,,True,,,
,Московский областной центр крови,clinic,blood_bank,,,,True,,,
,Поликлиника №43,clinic,clinic,,,,True,,,
,Семейный Доктор,clinic,,,,,True,,,
,Скандинавский центр здоровья,clinic,clinic,,,,True,,,
,Поликлиника №5,clinic,clinic,,,,True,,,
,,clinic,clinic,,,,True,,,
,Поликлиника №5 ФСБ РФ,clinic,clinic,,,,True,,,
,Психоневрологический диспансер №15,clinic,clinic,,ПКБ №1 им. Н.А.Алексеева,,True,,,
,Детская поликлиника №104 филиал №2,clinic,clinic,,,,True,,,
,Медицинский центр в Коломенском,clinic,clinic,,,,True,,,
,Психиатрическая клиническая больница № 13. Филиал № 1 Диспансерное отделение № 1,clinic,clinic,psychiatry;psychology,"ГБУЗ ""Психиатрическая клиническая больница № 13 ДЗМ""",public,True,,,
,Поликлиническое отделение №1,clinic,clinic,,,,True,,,
,ГБУЗ ДКЦ № 1 ДЗМ филиал № 5 (ГП № 205),clinic,clinic,,,,True,,,
,Клинико-диагностический центр МГМСУ,hospital,hospital,,,,True,,,
,Медико-санитарная часть №33,clinic,clinic,,,,True,,,
,Поликлиника №199,clinic,clinic,,,,True,,,
,Психоневрологический диспансер № 19,clinic,clinic,psychiatry,ГБУЗ ПКБ 4 им. Ганнушкина,government,True,,,
,Детская поликлиника №28,clinic,clinic,,,,True,,,
,Детская городская поликлиника №81 филиал №2,clinic,clinic,,,,True,,,
,Клиника кожных и венерических болезней им. В. А. Рахманова,clinic,clinic,,,,True,,,
,Первый Московский государственный медицинский университет имени И. М. Сеченова,clinic,clinic,,1 МГМУ им. И. М. Сеченова,,True,,,
,,doctors,doctor,,,,True,,,
,Европейский медицинский центр,clinic,clinic,,,,True,,,
,больница,hospital,,,,,True,,,
,Женская консультация (при п-ке №97),clinic,clinic,,,,True,,,
,Противотуберкулезный диспансер № 17,clinic,clinic,,,,True,,,
,Урологическая больница №47,hospital,hospital,,,,True,,,
,Главный клинический госпиталь МВД России,hospital,hospital,,,,True,,,
,Специализированная клиника восстановительного лечения,clinic,clinic,,,,True,,,
,,clinic,clinic,,,,True,,,
,,clinic,clinic,,,,True,,,
,ВитроКлиник,clinic,clinic,,,,True,,,
,Медси,clinic,clinic,,,,True,,,
,Травмпункт,doctors,doctor,,,,True,,,
,Городская поликлиника №101,clinic,clinic,,,,True,,,
,Детская поликлиника №92,clinic,clinic,,,,True,,,
,Детская поликлиника №48 Филиал №1,clinic,clinic,,,,True,,,
,Поликлиника №67 филиал №2,clinic,clinic,,,,True,,,
,Детская поликлиника №7,clinic,clinic,,,,True,,,
,,clinic,clinic,,,,True,,,
,Городская поликлиника №67 филиал №5,clinic,clinic,,,,True,,,
,Диализный центр НИИ Клинической медицины,clinic,clinic,dialysis;nephrology;emergency;diagnostic_radiology,МУЗ ДО НИИ КЛИНИЧЕСКОЙ МЕДИЦИНЫ,,True,,,
,Поликлиника КГБ №13,clinic,clinic,,,,True,,,
,"Детская поликлиника №125, филиал 1",clinic,clinic,,,,True,,,
,Поликлиника,clinic,clinic,,,,True,,,
,,hospital,hospital,,,,True,,,
,Детская поликлиника №73,clinic,clinic,,,,True,,,
,,clinic,clinic,,,,True,,,
,Зареченская амбулатория,doctors,doctor,,,,True,,,
,Биофизический центр им. Бурназяна,hospital,hospital,,,,True,,,
,Поликлиника № 219 филиал № 1,clinic,clinic,,,,True,,,
,Поликлиника №170,clinic,clinic,,,,True,,,
,Российский национальный медико-хирургический центр им. Н.И. Пирогова,hospital,hospital,,,,True,,,
,Поликлиника №218 Филиал №3,clinic,clinic,,,,True,,,
,Детская городская поликлиника №30,clinic,clinic,,,,True,,,
,,clinic,clinic,,,,True,,,
,Городская поликлиника № 8,clinic,clinic,,,,True,,,
,Городская поликлиника №211,clinic,clinic,,,,True,,,
,Национальный медицинский иссле­довательский центр здоровья детей,hospital,hospital,,,,True,,,
,Медсанчасть №4 клинической больницы №119 ФМБА РФ,clinic,clinic,,,,True,,,
,Консультационно-диагностический корпус №5,clinic,clinic,,,,True,,,
,,clinic,clinic,,52 консультативно-диагностический центр,,True,,,
,Детская поликлиника №39,clinic,clinic,,,,True,,,
,Медицинский Центр Medical Club,clinic,clinic,,,,True,,,
,Больница №1 УД Президента РФ,hospital,hospital,,,,True,,,
,Детская городская поликлиника №82,clinic,clinic,,,,True,,,
,Женская консультация №9,clinic,clinic,,,,True,,,
,"ФГЛПУ ""Поликлиника ФНС России""",clinic,clinic,,,,True,,,
,Городская поликлиника №6 филиал 1,clinic,clinic,,,,True,,,
,Городская поликлиника №85 филиал №3 ГП №170,clinic,clinic,,,,True,,,
,Поликлиника №52,clinic,clinic,,,,True,,,
,Медси,clinic,clinic,,,,True,,,
,,clinic,,,,,True,,,
,"Детская городская поликлиника №23, филиал № 1",clinic,clinic,,,,True,,,
,Поликлиника №66,clinic,clinic,,,,True,,,
,Детская поликлиника №125,clinic,clinic,,,,True,,,
,Городская поликлиника № 214 филиал 2 (ГП № 17),clinic,clinic,,,,True,,,
,Больница №86,hospital,hospital,,,,True,,,
,Поликлиника №1 при больнице №86,clinic,clinic,,,,True,,,
,ДКЦ № 1 Филиал № 2 Поликлиника № 74,clinic,clinic,,,,True,,,
,Детская поликлиника №12,clinic,clinic,,,,True,,,
,Поликлиника №66 Филиал №3 Детское отделение,clinic,clinic,,,,True,,,
,,hospital,hospital,,,,True,,,
,,clinic,clinic,,,,True,,,
,Клинико-диагностический центр № 4,clinic,clinic,,,,True,,,
,Городская клиническая больница имени С. С. Юдина. Территория М1,hospital,hospital,,,,True,,,
,ГБУЗ Детская городская поликлиника №91,clinic,clinic,,,,True,,,
,Детская поликлиника №98,clinic,clinic,,,,True,,,
,Детская городская поликлиника № 61. Филиал № 3,clinic,clinic,,,,True,,,
,Городская поликлиника №105,clinic,clinic,,,,True,,,
,Городская поликлиника №195,clinic,,,,,True,,,
,Детская поликлиника №23,clinic,clinic,,,,True,,,
,Детская больница №38,hospital,hospital,,,,True,,,
,Поликлиника МИФИ,clinic,clinic,,,,True,,,
,Больница №85,hospital,hospital,,,,True,,,
,Московская гарнизонная поликлиника №9,clinic,clinic,,,,True,,,
,Женская консультация,clinic,clinic,,,,True,,,
,Психиатрическая больница №12,hospital,hospital,psychiatry,,,True,,,
,Хоспис №7,hospital,hospice,,,,True,,,
,Московский научно-практический центр дерматовенерологии и косметологии. Северо-восточная клиника с детским центром,clinic,clinic,,,,True,,,
,Центр патологии речи и нейрореабилитации,hospital,hospital,,,,True,,,
,"Консультативно-диагностический центр № 2, филиал № 3",clinic,clinic,,,,True,,,
,"Детская поликлиника № 28, филиал № 1",clinic,clinic,,,,True,,,
,Поликлиника №69,clinic,clinic,,,,True,,,
,Амбулатория совхоза им. Ленина,doctors,doctor,,,,True,,,
,Поликлиника,clinic,clinic,,,,True,,,
,Профилакторий,clinic,,,,,True,,,
,,clinic,clinic,,,,True,,,
,Городская поликлиника № 115. Филиал № 3,clinic,clinic,,,,True,,,
,Медико-санитарная часть № 152 Федерального медико-биологического агентства,hospital,,,,,True,,,
,Городская поликлиника №164,clinic,clinic,,,,True,,,
,Поликлиника №146,clinic,clinic,,,,True,,,
,Поликлиника №115 Филиал №2,clinic,clinic,,,,True,,,
,Поликлиника №219,clinic,clinic,,,,True,,,
,Медсанчасть № 1 ФГБУЗ ЦМСЧ № 119 ФМБА России,clinic,clinic,,,,True,,,
,"Детская городская поликлиника № 12, филиал № 1",clinic,clinic,,,,True,,,
,СМ-Клиника,clinic,clinic,,,,True,,,
,Поликлиника №189,clinic,clinic,,,,True,,,
,Медицинский центр им. Святослава Федорова,clinic,clinic,,,,True,,,
,СанМедЭксперт,doctors,doctor,,,,True,,,
,Поликлиника №160 при МГТУ им. Н.Э.Баумана,clinic,clinic,,,,True,,,
,"Московский научно-практический центр медицинской реабилитации, восстановительной и спортивной медицины, Филиал №5",clinic,clinic,,,,True,,,
,Городская клиническая больница №31,hospital,hospital,,,,True,,,
,Нова Клиник,clinic,clinic,,,,True,,,
,Поликлиника,clinic,clinic,,,,True,,,
,Поликлиника №66,clinic,clinic,,,,True,,,
,Медси,clinic,clinic,,,,True,,,
,Семейный доктор,clinic,clinic,,,,True,,,
,Поликлиника № 210 филиал № 1,clinic,clinic,,,,True,,,
,Кожно-венерологический диспансер г. Реутов,clinic,clinic,,,,True,,,
,,,clinic,,,,True,,,
,Хоспис №5,hospital,hospice,,,,True,,,
,Детская поликлиника №86,clinic,clinic,,,,True,,,
,Детская поликлиника №52,clinic,clinic,,,,True,,,
,"Лечебно-диагностический центр ""Спектра""",doctors,,,,,True,,,
,Клиника сердечно-сосудистых заболеваний им. св. Иоанна Тобольского,hospital,hospital,,,,True,,,
,НКЦ геронтологии,hospital,,,,,True,,,
,"Поликлиника ЮЗАО №78, ДКЦ №1, корпус А",clinic,clinic,,,,True,,,
,Детская поликлиника №69,clinic,clinic,paediatrics,,government,True,,,
,ГБУЗ МНПЦДК ДЗМ филиал Черемушкинский,clinic,clinic,,,,True,,,
,Городская поликлиника №2,clinic,clinic,,,government,True,,,
,Консультационно-диагностический центр №2,hospital,hospital,,,,True,,,
,Родильный дом №15,hospital,hospital,,,,True,,,
,Детская поликлиника №112,clinic,clinic,,,,True,,,
,Детская поликлиника,clinic,clinic,,,,True,,,
,Филиал поликлиники №189,clinic,clinic,,,,True,,,
,,,clinic,,,,True,,,
,Центральная поликлиника №2 МВД России,clinic,clinic,,,,True,,,
,Женская консультация №7,clinic,clinic,,,,True,,,
,Институт пластической хирургии,clinic,clinic,,,,True,,,
,Клиника №1,clinic,clinic,,,,True,,,
,Медсанчасть,doctors,,,,,True,,,
,Поликлиника,clinic,clinic,,,,True,,,
,Консультативно-диагностический центр №5,doctors,clinic,,,,True,,,
,Центр глазного протезирования,doctors,,,,,True,,,
,Поликлиника Отрадное,clinic,clinic,,,,True,,,
,Детская городская поликлиника №122 (филиал №2),clinic,clinic,,,,True,,,
,,clinic,,,,,True,,,
,ГБУЗ МНПЦДК ДЗМ филиал Бабушкинский,clinic,clinic,,,,True,,,
,НПЦ помощи детям,hospital,hospital,,,,True,,,
,Диагностический центр №5 (филиал №5),clinic,clinic,,,,True,,,
,Больница №53,hospital,hospital,,,,True,,,
,Детская городская поликлиника №32 Филиал №2,clinic,clinic,,,,True,,,
,Городская клиническая больница № 29 имени Н. Э. Баумана,hospital,,,,,True,,,
,Мытищинский противотуберкулезный диспансер,doctors,,,,,True,,,
,Поликлиника №109 ЮВАО,clinic,clinic,,,,True,,,
,Поликлиника №222,clinic,clinic,,,,True,,,
,Детская городская поликлиника №122 (филиал №3),clinic,clinic,,,,True,,,
,,clinic,centre,,,,True,,,
,Поликлиника №49,clinic,clinic,,,,True,,,
,Родильный дом № 27,hospital,hospital,,,,True,,,
,Детский психоневрологический санаторий №66,doctors,,,,,True,,,
,Поликлиника №58,clinic,clinic,,,,True,,,
,Поликлиника №62 Филиал №3,clinic,clinic,,,,True,,,
,Семейная медицинская клиника,clinic,clinic,gynaecology;neurology;dental_oral_maxillo_facial_surgery;orthopaedics;гинекология;paediatrics;psychiatry;orthodontics;dermatology;vaccination;gastroenterology;urology;hydrotherapy;косметология,"ООО ""Семейная Медицинская Клиника""",public,True,,,
,Лечебный центр,clinic,clinic,,,,True,,,
,"Центр спортивной, балетной травмы и реабилитации",hospital,hospital,,"ФГБУ ""Центральный научно-исследовательский институт травматологии и ортопедии им. Н. Н. Приорова""",,True,,,
,Детская поликлиника №148 Филиал №3,clinic,clinic,,,,True,,,
,Узловая поликлиника на станции Ховрино,clinic,,,,,True,,,
,Центр диагностики и лечения муковисцидоза,clinic,clinic,,,,True,,,
,Детская городская поликлиника №140,clinic,clinic,,,,True,,,
,,hospital,,,,,True,,,
,Детская городская поликлиника №129 (филиал №1),clinic,clinic,,,,True,,,
,Поликлиника №134,clinic,clinic,,,,True,,,
,Детская поликлиника №42 филиал № 1,clinic,clinic,,,,True,,,
,Химкинская центральная районная больница,hospital,hospital,,,,True,,,
,Поликлиника №175,clinic,clinic,,,,True,,,
,Детская инфекционная клиническая больница,hospital,hospital,infectious_diseases,,,True,,,
,Поликлиника,clinic,clinic,,,,True,,,
,Медпункт,doctors,doctor,,,,True,,,
,Европейская клиника,doctors,,,,,True,,,
,"Наркологическая клиника ""Здоровье Н""",clinic,clinic,,,,True,,,
,Детская поликлиника №10 филиал №1,clinic,clinic,,,,True,,,
,Специализированный дом ребенка №12,doctors,,,,,True,,,
,Госпиталь для ветеранов войн №1,hospital,hospital,,,,True,,,
,ГБУ психоневрологический интернат №18,hospital,hospital,,,,True,,,
,Отделение №1 Химкинской городской поликлиники №2,clinic,clinic,,,,True,,,
,Отделение №3 Химкинской детской городской поликлиники,clinic,clinic,paediatrics,,,True,,,
,Консультативно-диагностический центр,clinic,clinic,,,,True,,,
,Красногорский кожно-венерологический диспансер,clinic,clinic,,,,True,,,
,,doctors,,,,,True,,,
,Поликлиника №134,clinic,clinic,,,,True,,,
,Поликлиника №53,clinic,clinic,,,,True,,,
,Поликлиника №42,clinic,clinic,,,,True,,,
,Городская поликлиника №12 Филиал №2,clinic,clinic,,,,True,,,
,ГБУЗ МНПЦДК ДЗМ филиал Тимирязевский,clinic,clinic,,,,True,,,
,Медси,clinic,,,,,True,,,
,Троицкая городская больница. Филиал 2,clinic,clinic,,Департамент здравоохранения г. Москвы,,True,,,
,Поликлиника №10 ЮЗАО,clinic,clinic,,,,True,,,
,Городская клиническая больница №11,hospital,,,,,True,,,
,Врачебно-физкультурный диспансер №6,clinic,,,,,True,,,
,Клиника психиатрии им. С. С. Корсакова,clinic,clinic,psychiatry,,,True,,,
,Альфа. Центр здоровья,clinic,clinic,,,,True,,,
,Здоровая Москва,doctors,doctor,,,,True,,,
,Детский консультативно-диагностический центр,clinic,clinic,,,,True,,,
,Поликлиника №191,clinic,clinic,,,,True,,,
,Медико-санитарная часть войсковой части,clinic,clinic,,,,True,,,
,Травматологический пункт,doctors,doctor,trauma,,,True,,,
,Городская поликлиника №48,clinic,clinic,,,,True,,,
,Центр мануальной терапии Минздрава РФ,clinic,clinic,,,,True,,,
,"Московскмй центр наркологии, филиал №4",clinic,,,,,True,,,
,Детская клиника МЕДСИ,clinic,clinic,paediatrics,,,True,,,
,Поликлиника №5 Управления делами Президента РФ,clinic,clinic,,,,True,,,
,"Поликлиника № 45, филиал № 5",clinic,clinic,,,,True,,,
,"Детская поликлиника № 133, филиал № 1",clinic,clinic,,,,True,,,
,"Диагностический центр №3, филиал 4",clinic,clinic,,,,True,,,
,Роддом,hospital,hospital,,,,True,,,
,Филиал детского нефрологического санатория № 9,clinic,,,,,True,,,
,Родильный дом №8,hospital,hospital,,,,True,,,
,Детская поликлиника №1,clinic,clinic,,,,True,,,
,Детская больница №21,hospital,hospital,,,,True,,,
,,hospital,,,,,True,,,
,Поликлиника №129,clinic,clinic,,,,True,,,
,Детская поликлиника №147,clinic,clinic,,,,True,,,
,Детская городская поликлиника №148,clinic,clinic,,,,True,,,
,Детская поликлиника №150,clinic,clinic,,,,True,,,
,Поликлиника №19,clinic,clinic,,,,True,,,
,Поликлиника №47,clinic,clinic,,,,True,,,
,Врачебно-физкультурный диспансер №27,clinic,clinic,,,,True,,,
,Детская поликлиника №94,clinic,clinic,,,,True,,,
,Детская городская поликлиника № 133. Филиал № 3,clinic,clinic,,,,True,,,
,Поликлиника №36,clinic,clinic,,,,True,,,
,Центр планирования семьи и репродукции ДЗМ,clinic,clinic,,,,True,,,
,Городская поликлиника №2 (филиал №3),clinic,clinic,,,,True,,,
,Химкинская городская поликлиника №1,clinic,clinic,,,,True,,,
,"Городская поликлиника № 11, филиал № 1",clinic,clinic,general,,,True,,,
,Научно-практический центр детской психоневрологии. Дневной стационар №4,hospital,hospital,,,,True,,,
,Консультативно-диагностический центр № 2 Филиал №1,clinic,,,,,True,,,
,Медицинский центр Минобороны России,clinic,,,,,True,,,
,"Детское отделение ГБУЗ ""МНПЦ борьбы с туберкулезом ДЗМ""",hospital,,,,,True,,,
,,hospital,hospital,Наркологическая клиника,,,True,,,
,Детская поликлиника,clinic,clinic,,,,True,,,
,Детская поликлиника №99 филиал №4,clinic,clinic,,,,True,,,
,,clinic,clinic,,,,True,,,
,,clinic,,,,,True,,,
,,clinic,clinic,,,,True,,,
,Городская поликлиника № 5,clinic,clinic,,,,True,,,
,,hospital,hospital,plastic_surgery,,,True,,,
,Городская поликлиника №64 филиал №3,clinic,clinic,,,,True,,,
,Поликлиника,clinic,clinic,,,,True,,,
,Детсковзрослая поликлиника на 750 посещений в смену,clinic,clinic,,,,True,,,
,,clinic,clinic,,,,True,,,
,Городская поликлиника №45 филиал №3,clinic,,,,,True,,,
,,clinic,clinic,,,,True,,,
,Royal clinic,clinic,clinic,fertility,,,True,,,
,Поликлиника №45,clinic,clinic,,,,True,,,
,Поликлиника №136,clinic,clinic,,,,True,,,
,Поликлиника № 115. Филиал № 4,,clinic,,,,True,,,
,,hospital,hospital,,,,True,,,
,,clinic,clinic,,,government,True,,,
,Поликлиника Ромашково,clinic,clinic,,Одинцовская областная больница,public,True,,,
,Поликлиника №46 филиал №1,clinic,clinic,,,,True,,,
,Здоровье,clinic,clinic,,,,True,,,
,"Детская городская клиническая больница №9 им. Г. Н. Сперанского, Филиал №1 (Поликлиническое отделение)",clinic,clinic,,,,True,,,
,Детская городская поликлиника №122 (филиал №1),clinic,clinic,,,,True,,,
,,hospital,hospital,,,,True,,,
,Здоровая Москва,doctors,doctor,,,,True,,,
,Женская консультация,clinic,clinic,,,,True,,,
,Здоровая Москва,doctors,,,,,True,,,
,Здоровая Москва,doctors,doctor,,,,True,,,
,,,clinic,,,,True,,,
,Детская поликлиника №39 Филиал №3,clinic,clinic,,,,True,,,
,Covid-центр,doctors,laboratory,,,,True,,,
,ГБУЗ ГП N45 ДЗМ Филиал N3 Поликлиника для взрослых,clinic,,,,,True,,,
,Детская поликлиника №133,clinic,clinic,,,,True,,,
,Здоровая Москва,doctors,,,,,True,,,
,Здоровая Москва,doctors,,,,,True,,,
,Городская поликлиника №5 Филиал №4,clinic,clinic,,,,True,,,
,,,clinic,,,,True,,,
,,hospital,hospital,,,,True,,,
,Hadassah Medical,hospital,hospital,,,,True,,,
,Детская поликлиника №50,clinic,clinic,,,,True,,,
,Поликлиника №225,clinic,clinic,,,,True,,,
,Консультативно-диагностический центр «Измайловский» НМХЦ им. Пирогова,clinic,clinic,,,,True,,,
,Городская поликлиника № 107,clinic,clinic,,,,True,,,
,Городская поликлиника № 6. Филиал №3,clinic,clinic,,,,True,,,
,Городская поликлиника № 66. Филиал № 2,clinic,clinic,,,,True,,,
,Поликлиника №219 филиал №5,clinic,clinic,,,,True,,,
,Центр дерматовенерологии и косметологии,clinic,clinic,dermatology,,,True,,,
,Федеральный центр мозга и нейротехнологий ФМБА России,hospital,hospital,,,,True,,,
,Детская поликлиника №122,clinic,clinic,,,,True,,,
,Реутов Клиника,clinic,clinic,,,,True,,,
,Поликлиника №132,clinic,clinic,,,,True,,,
,Городская поликлиника № 66. Филиал № 4,clinic,clinic,,,,True,,,
,Консультативно-диагностический центр «Измайловский» НМХЦ им. Пирогова,clinic,clinic,,,,True,,,
,Поликлиника №191 (филиал №3),clinic,clinic,,,,True,,,
,Клинико диагностический центр Ромашково,clinic,clinic,,Одинцовская областная больница,public,True,,,
,Городская поликлиника №73,clinic,clinic,,,,True,,,
,Детская городская поликлиника №143,clinic,clinic,paediatrics,,,True,,,
,Детская городская поликлиника № 131 филиал № 4,clinic,,,,,True,,,
,Поликлиника МИД,clinic,clinic,,,,True,,,
,Поликлиника № 1,clinic,clinic,,,,True,,,
,ГБУЗ ДЦ №3 ДЗМ Филиал №3,clinic,clinic,,,,True,,,
,Городская поликлиника №191 филиал №2,clinic,clinic,,,,True,,,
,Поликлиника №191 (1),clinic,clinic,,,,True,,,
,Поликлиника №30,clinic,clinic,,,,True,,,
,Наркологическое амбулаторно-поликлиническое отделение с дневным наркологическим стационаром,clinic,clinic,,,,True,,,
,"Поликлиника №2, филиал 4 (п-ка #208)",clinic,clinic,,,,True,,,
,СМ-Клиника,clinic,clinic,,,,True,,,
,,hospital,hospital,,,,True,,,
,Московская городская онкологическая больница № 62,hospital,hospital,,,,True,,,
,,hospital,hospital,stomatology,,,True,,,
